game_pk,game_type,season,game_date,game_date1,game_date2,game_number,scheduled_innings,innings_played,status_code,home_team,away_team,home_score,away_score
630099,R,2020,2020-08-27 01:40:00+00:00,2020-08-27 01:40:00+00:00,,1,9,,S,183.0,172.0,,
630100,R,2020,2020-08-02 00:10:00+00:00,2020-08-02 00:10:00+00:00,,1,9,9.0,F,183.0,179.0,2.0,11.0
630101,R,2020,2020-08-02 20:10:00+00:00,2020-08-02 20:10:00+00:00,,1,9,9.0,F,183.0,179.0,0.0,3.0
630109,R,2020,2020-08-05 01:10:00+00:00,2020-08-05 01:10:00+00:00,,1,9,9.0,F,183.0,178.0,2.0,8.0
630110,R,2020,2020-08-06 01:10:00+00:00,2020-08-06 01:10:00+00:00,,1,9,9.0,F,183.0,178.0,14.0,7.0
630111,R,2020,2020-08-06 23:07:00+00:00,2020-08-06 23:07:00+00:00,,1,9,9.0,F,183.0,178.0,5.0,4.0
630115,R,2020,2020-08-15 01:40:00+00:00,2020-08-15 01:40:00+00:00,,1,9,,S,183.0,168.0,,
630116,R,2020,2020-08-16 00:10:00+00:00,2020-08-16 00:10:00+00:00,,1,9,,S,183.0,168.0,,
630117,R,2020,2020-08-16 20:10:00+00:00,2020-08-16 20:10:00+00:00,,1,9,,S,183.0,168.0,,
630118,R,2020,2020-08-18 01:40:00+00:00,2020-08-18 01:40:00+00:00,,1,9,,S,183.0,166.0,,
630145,R,2020,2020-07-31 01:40:00+00:00,2020-07-31 01:40:00+00:00,,1,9,9.0,F,183.0,179.0,3.0,6.0
630174,R,2020,2020-08-18 22:10:00+00:00,2020-08-18 22:10:00+00:00,,1,9,,S,183.0,166.0,,
630193,R,2020,2020-08-25 01:40:00+00:00,2020-08-25 01:40:00+00:00,,1,9,,S,183.0,172.0,,
630194,R,2020,2020-08-26 01:40:00+00:00,2020-08-26 01:40:00+00:00,,1,9,,S,183.0,172.0,,
630201,R,2020,2020-08-01 01:40:00+00:00,2020-08-01 01:40:00+00:00,,1,9,9.0,F,183.0,179.0,5.0,3.0
630202,R,2020,2020-09-27 19:10:00+00:00,2020-09-27 19:10:00+00:00,,1,9,,S,183.0,172.0,,
630203,R,2020,2020-08-27 22:10:00+00:00,2020-08-27 22:10:00+00:00,,1,9,,S,183.0,172.0,,
630216,R,2020,2020-08-29 01:40:00+00:00,2020-08-29 01:40:00+00:00,,1,9,,S,183.0,184.0,,
630217,R,2020,2020-08-30 00:10:00+00:00,2020-08-30 00:10:00+00:00,,1,9,,S,183.0,184.0,,
630219,R,2020,2020-08-30 20:10:00+00:00,2020-08-30 20:10:00+00:00,,1,9,,S,183.0,184.0,,
630220,R,2020,2020-09-09 01:40:00+00:00,2020-09-09 01:40:00+00:00,,1,9,,S,183.0,179.0,,
630221,R,2020,2020-09-10 01:40:00+00:00,2020-09-10 01:40:00+00:00,,1,9,,S,183.0,179.0,,
630223,R,2020,2020-09-11 01:40:00+00:00,2020-09-11 01:40:00+00:00,,1,9,,S,183.0,179.0,,
630224,R,2020,2020-09-12 01:40:00+00:00,2020-09-12 01:40:00+00:00,,1,9,,S,183.0,169.0,,
630225,R,2020,2020-09-13 00:10:00+00:00,2020-09-13 00:10:00+00:00,,1,9,,S,183.0,169.0,,
630226,R,2020,2020-09-13 20:10:00+00:00,2020-09-13 20:10:00+00:00,,1,9,,S,183.0,169.0,,
630243,R,2020,2020-09-23 01:10:00+00:00,2020-09-23 01:10:00+00:00,,1,9,,S,183.0,160.0,,
630263,R,2020,2020-09-23 22:10:00+00:00,2020-09-23 22:10:00+00:00,,1,9,,S,183.0,160.0,,
630270,R,2020,2020-09-26 01:40:00+00:00,2020-09-26 01:40:00+00:00,,1,9,,S,183.0,172.0,,
630271,R,2020,2020-09-27 00:10:00+00:00,2020-09-27 00:10:00+00:00,,1,9,,S,183.0,172.0,,
630272,R,2020,2020-07-29 23:10:00+00:00,2020-07-29 23:10:00+00:00,,1,9,9.0,F,164.0,181.0,7.0,4.0
630273,R,2020,2020-08-23 23:08:00+00:00,2020-08-23 23:08:00+00:00,,1,9,,S,164.0,186.0,,
630275,R,2020,2020-07-31 23:10:00+00:00,2020-07-31 23:10:00+00:00,,1,9,9.0,F,164.0,175.0,11.0,10.0
630278,R,2020,2020-08-01 23:10:00+00:00,2020-08-01 23:10:00+00:00,,1,9,9.0,F,164.0,175.0,7.0,1.0
630280,R,2020,2020-08-02 17:10:00+00:00,2020-08-02 17:10:00+00:00,,1,9,9.0,F,164.0,175.0,4.0,0.0
630281,R,2020,2020-08-03 23:10:00+00:00,2020-08-03 23:10:00+00:00,,1,9,9.0,F,164.0,175.0,2.0,7.0
630284,R,2020,2020-08-04 23:10:00+00:00,2020-08-04 23:10:00+00:00,,1,9,9.0,F,164.0,185.0,10.0,1.0
630307,R,2020,2020-08-05 23:10:00+00:00,2020-08-05 23:10:00+00:00,,1,9,9.0,F,164.0,185.0,1.0,2.0
630313,R,2020,2020-08-06 23:10:00+00:00,2020-08-06 23:10:00+00:00,,1,9,9.0,F,164.0,185.0,4.0,3.0
630316,R,2020,2020-08-17 23:10:00+00:00,2020-08-17 23:10:00+00:00,,1,9,,S,164.0,180.0,,
630322,R,2020,2020-08-18 23:10:00+00:00,2020-08-18 23:10:00+00:00,,1,9,,S,164.0,180.0,,
630323,R,2020,2020-08-19 23:10:00+00:00,2020-08-19 23:10:00+00:00,,1,9,,S,164.0,180.0,,
630324,R,2020,2020-08-21 23:10:00+00:00,2020-08-21 23:10:00+00:00,,1,9,,S,164.0,186.0,,
630338,R,2020,2020-08-22 23:10:00+00:00,2020-08-22 23:10:00+00:00,,1,9,,S,164.0,186.0,,
630346,R,2020,2020-07-30 23:10:00+00:00,2020-07-30 23:10:00+00:00,,1,9,9.0,F,164.0,181.0,2.0,1.0
630360,R,2020,2020-08-25 23:10:00+00:00,2020-08-25 23:10:00+00:00,,1,9,,S,164.0,187.0,,
630361,R,2020,2020-08-26 23:10:00+00:00,2020-08-26 23:10:00+00:00,,1,9,,S,164.0,187.0,,
630371,R,2020,2020-09-04 23:10:00+00:00,2020-09-04 23:10:00+00:00,,1,9,,S,164.0,180.0,,
630383,R,2020,2020-09-05 23:10:00+00:00,2020-09-05 23:10:00+00:00,,1,9,,S,164.0,180.0,,
630385,R,2020,2020-09-22 23:10:00+00:00,2020-09-22 23:10:00+00:00,,1,9,,S,164.0,162.0,,
630415,R,2020,2020-09-07 17:10:00+00:00,2020-09-07 17:10:00+00:00,,1,9,,S,164.0,162.0,,
630438,R,2020,2020-09-08 23:10:00+00:00,2020-09-08 23:10:00+00:00,,1,9,,S,164.0,162.0,,
630439,R,2020,2020-09-09 23:10:00+00:00,2020-09-09 23:10:00+00:00,,1,9,,S,164.0,162.0,,
630440,R,2020,2020-09-21 23:10:00+00:00,2020-09-21 23:10:00+00:00,,1,9,,S,164.0,162.0,,
630491,R,2020,2020-09-06 17:10:00+00:00,2020-09-06 17:10:00+00:00,,1,9,,S,164.0,180.0,,
630492,R,2020,2020-08-01 23:35:00+00:00,2020-08-01 23:35:00+00:00,,1,9,11.0,F,189.0,181.0,5.0,4.0
630493,R,2020,2020-08-02 17:05:00+00:00,2020-08-02 17:05:00+00:00,,1,9,9.0,F,189.0,181.0,5.0,1.0
630495,R,2020,2020-07-29 23:35:00+00:00,2020-07-29 23:35:00+00:00,,1,9,9.0,F,189.0,187.0,3.0,9.0
630496,R,2020,2020-07-30 23:05:00+00:00,2020-07-30 23:05:00+00:00,,1,9,9.0,F,189.0,187.0,6.0,8.0
630497,R,2020,2020-09-04 03:33:00+00:00,2020-09-04 03:33:00+00:00,,2,7,,S,189.0,187.0,,
630554,R,2020,2020-09-23 23:10:00+00:00,2020-09-23 23:10:00+00:00,,1,9,,S,164.0,162.0,,
630568,R,2020,2020-08-15 23:35:00+00:00,2020-08-15 23:35:00+00:00,,1,9,,S,189.0,180.0,,
630569,R,2020,2020-09-25 23:10:00+00:00,2020-09-25 23:10:00+00:00,,1,9,,S,164.0,182.0,,
630570,R,2020,2020-09-26 23:10:00+00:00,2020-09-26 23:10:00+00:00,,1,9,,S,164.0,182.0,,
630573,R,2020,2020-09-27 19:10:00+00:00,2020-09-27 19:10:00+00:00,,1,9,,S,164.0,182.0,,
630575,R,2020,2020-08-04 23:35:00+00:00,2020-08-04 23:35:00+00:00,,1,9,9.0,F,189.0,162.0,0.0,4.0
630591,R,2020,2020-08-05 21:05:00+00:00,2020-08-05 21:05:00+00:00,,1,7,7.0,F,189.0,162.0,0.0,1.0
630592,R,2020,2020-07-31 23:35:00+00:00,2020-07-31 23:35:00+00:00,,1,9,9.0,F,189.0,181.0,6.0,3.0
630851,R,2020,2020-07-23 23:08:00+00:00,2020-07-23 23:08:00+00:00,,1,9,6.0,FR,180.0,187.0,1.0,4.0
630852,R,2020,2020-08-30 19:07:00+00:00,2020-08-30 19:07:00+00:00,,1,9,,S,185.0,189.0,,
630853,R,2020,2020-08-26 22:05:00+00:00,2020-08-26 22:05:00+00:00,,1,9,,S,180.0,186.0,,
630854,R,2020,2020-09-27 19:05:00+00:00,2020-09-27 19:05:00+00:00,,1,9,,S,180.0,175.0,,
630855,R,2020,2020-08-25 22:05:00+00:00,2020-08-25 22:05:00+00:00,,1,9,,S,180.0,186.0,,
630856,R,2020,2020-07-26 17:05:00+00:00,2020-07-26 17:05:00+00:00,,1,9,9.0,F,180.0,187.0,2.0,3.0
630857,R,2020,2020-09-07 22:05:00+00:00,2020-09-07 22:05:00+00:00,,1,9,,S,180.0,181.0,,
630858,R,2020,2020-09-27 19:07:00+00:00,2020-09-27 19:07:00+00:00,,1,9,,S,185.0,189.0,,
630859,R,2020,2020-09-07 22:37:00+00:00,2020-09-07 22:37:00+00:00,,1,9,,S,185.0,187.0,,
630860,R,2020,2020-09-08 22:37:00+00:00,2020-09-08 22:37:00+00:00,,1,9,,S,185.0,187.0,,
630861,R,2020,2020-07-27 22:05:00+00:00,2020-07-27 22:05:00+00:00,,1,9,9.0,F,180.0,185.0,1.0,4.0
630862,R,2020,2020-08-25 22:37:00+00:00,2020-08-25 22:37:00+00:00,,1,9,,S,185.0,182.0,,
630863,R,2020,2020-08-26 22:37:00+00:00,2020-08-26 22:37:00+00:00,,1,9,,S,185.0,182.0,,
630864,R,2020,2020-09-09 22:37:00+00:00,2020-09-09 22:37:00+00:00,,1,9,,S,185.0,187.0,,
630865,R,2020,2020-08-27 22:37:00+00:00,2020-08-27 22:37:00+00:00,,1,9,,S,185.0,182.0,,
630866,R,2020,2020-07-28 22:05:00+00:00,2020-07-28 22:05:00+00:00,,1,9,9.0,F,180.0,185.0,1.0,5.0
630867,R,2020,2020-09-08 22:05:00+00:00,2020-09-08 22:05:00+00:00,,1,9,,S,180.0,181.0,,
630868,R,2020,2020-09-11 22:37:00+00:00,2020-09-11 22:37:00+00:00,,1,9,,S,185.0,175.0,,
630869,R,2020,2020-09-10 22:05:00+00:00,2020-09-10 22:05:00+00:00,,1,9,,S,180.0,164.0,,
630870,R,2020,2020-09-12 22:37:00+00:00,2020-09-12 22:37:00+00:00,,1,9,,S,185.0,175.0,,
630871,R,2020,2020-08-28 22:37:00+00:00,2020-08-28 22:37:00+00:00,,1,9,,S,185.0,189.0,,
630872,R,2020,2020-08-16 19:07:00+00:00,2020-08-16 19:07:00+00:00,,1,9,,S,185.0,181.0,,
630873,R,2020,2020-09-11 22:05:00+00:00,2020-09-11 22:05:00+00:00,,1,9,,S,180.0,164.0,,
630874,R,2020,2020-08-04 23:05:00+00:00,2020-08-04 23:05:00+00:00,,1,9,9.0,F,180.0,175.0,5.0,3.0
630875,R,2020,2020-09-13 19:07:00+00:00,2020-09-13 19:07:00+00:00,,1,9,,S,185.0,175.0,,
630876,R,2020,2020-09-21 22:37:00+00:00,2020-09-21 22:37:00+00:00,,1,9,,S,185.0,187.0,,
630877,R,2020,2020-09-12 22:05:00+00:00,2020-09-12 22:05:00+00:00,,1,9,,S,180.0,164.0,,
630878,R,2020,2020-08-05 22:05:00+00:00,2020-08-05 22:05:00+00:00,,1,9,9.0,F,180.0,175.0,1.0,3.0
630879,R,2020,2020-08-07 22:05:00+00:00,2020-08-07 22:05:00+00:00,,1,9,9.0,F,180.0,189.0,0.0,11.0
630880,R,2020,2020-08-08 22:05:00+00:00,2020-08-08 22:05:00+00:00,,1,9,,S,180.0,189.0,,
630881,R,2020,2020-09-22 22:37:00+00:00,2020-09-22 22:37:00+00:00,,1,9,,S,185.0,187.0,,
630882,R,2020,2020-08-09 16:35:00+00:00,2020-08-09 16:35:00+00:00,,1,9,,S,180.0,189.0,,
630883,R,2020,2020-09-13 16:35:00+00:00,2020-09-13 16:35:00+00:00,,1,9,,S,180.0,164.0,,
630884,R,2020,2020-09-21 22:05:00+00:00,2020-09-21 22:05:00+00:00,,1,9,,S,180.0,186.0,,
630885,R,2020,2020-09-23 22:37:00+00:00,2020-09-23 22:37:00+00:00,,1,9,,S,185.0,187.0,,
630886,R,2020,2020-08-21 22:05:00+00:00,2020-08-21 22:05:00+00:00,,1,9,,S,180.0,162.0,,
630887,R,2020,2020-09-24 22:37:00+00:00,2020-09-24 22:37:00+00:00,,1,9,,S,185.0,187.0,,
630888,R,2020,2020-09-22 22:05:00+00:00,2020-09-22 22:05:00+00:00,,1,9,,S,180.0,186.0,,
630889,R,2020,2020-09-25 22:37:00+00:00,2020-09-25 22:37:00+00:00,,1,9,,S,185.0,189.0,,
630890,R,2020,2020-08-22 20:05:00+00:00,2020-08-22 20:05:00+00:00,,1,7,,S,180.0,162.0,,
630891,R,2020,2020-09-26 22:37:00+00:00,2020-09-26 22:37:00+00:00,,1,9,,S,185.0,189.0,,
630892,R,2020,2020-09-23 22:05:00+00:00,2020-09-23 22:05:00+00:00,,1,9,,S,180.0,186.0,,
630893,R,2020,2020-09-24 22:05:00+00:00,2020-09-24 22:05:00+00:00,,1,9,,S,180.0,175.0,,
630894,R,2020,2020-09-25 22:05:00+00:00,2020-09-25 22:05:00+00:00,,1,9,,S,180.0,175.0,,
630895,R,2020,2020-09-26 23:07:00+00:00,2020-09-26 23:07:00+00:00,,1,9,,S,180.0,175.0,,
630896,R,2020,2020-08-27 23:07:00+00:00,2020-08-27 23:07:00+00:00,,1,9,,S,180.0,186.0,,
630897,R,2020,2020-08-23 16:35:00+00:00,2020-08-23 16:35:00+00:00,,1,9,,S,180.0,162.0,,
630898,R,2020,2020-08-24 22:05:00+00:00,2020-08-24 22:05:00+00:00,,1,9,,S,180.0,162.0,,
630899,R,2020,2020-07-25 23:15:00+00:00,2020-07-25 23:15:00+00:00,,1,9,9.0,F,180.0,187.0,9.0,2.0
630900,R,2020,2020-08-31 18:07:00+00:00,2020-08-31 18:07:00+00:00,,1,9,,S,185.0,189.0,,
630901,R,2020,2020-08-11 22:37:00+00:00,2020-08-11 22:37:00+00:00,,1,9,,S,185.0,162.0,,
630902,R,2020,2020-08-12 22:37:00+00:00,2020-08-12 22:37:00+00:00,,1,9,,S,185.0,162.0,,
630903,R,2020,2020-08-14 22:37:00+00:00,2020-08-14 22:37:00+00:00,,1,9,,S,185.0,181.0,,
630904,R,2020,2020-09-09 01:05:00+00:00,2020-09-09 01:05:00+00:00,,1,9,,S,160.0,188.0,,
630905,R,2020,2020-08-15 22:37:00+00:00,2020-08-15 22:37:00+00:00,,1,9,,S,185.0,181.0,,
630906,R,2020,2020-08-29 22:37:00+00:00,2020-08-29 22:37:00+00:00,,1,9,,S,185.0,189.0,,
630907,R,2020,2020-09-18 20:05:00+00:00,2020-09-18 20:05:00+00:00,,1,7,,S,185.0,186.0,,
630908,R,2020,2020-09-10 20:05:00+00:00,2020-09-10 20:05:00+00:00,,1,9,,S,160.0,188.0,,
630909,R,2020,2020-09-12 01:05:00+00:00,2020-09-12 01:05:00+00:00,,1,9,,S,160.0,166.0,,
630910,R,2020,2020-09-12 23:05:00+00:00,2020-09-12 23:05:00+00:00,,1,9,,S,160.0,166.0,,
630911,R,2020,2020-09-13 18:35:00+00:00,2020-09-13 18:35:00+00:00,,1,9,,S,160.0,166.0,,
630912,R,2020,2020-09-25 00:05:00+00:00,2020-09-25 00:05:00+00:00,,1,9,,S,160.0,178.0,,
630913,R,2020,2020-09-26 00:05:00+00:00,2020-09-26 00:05:00+00:00,,1,9,,S,160.0,178.0,,
630914,R,2020,2020-09-26 23:05:00+00:00,2020-09-26 23:05:00+00:00,,1,9,,S,160.0,178.0,,
630915,R,2020,2020-09-27 19:05:00+00:00,2020-09-27 19:05:00+00:00,,1,9,,S,160.0,178.0,,
630916,R,2020,2020-07-29 22:05:00+00:00,2020-07-29 22:05:00+00:00,,1,9,10.0,F,185.0,180.0,0.0,4.0
630917,R,2020,2020-07-30 20:05:00+00:00,2020-07-30 20:05:00+00:00,,1,9,9.0,F,185.0,180.0,4.0,6.0
630918,R,2020,2020-08-20 03:33:00+00:00,2020-08-20 03:33:00+00:00,,2,7,,S,185.0,186.0,,
630919,R,2020,2020-08-20 17:05:00+00:00,2020-08-20 17:05:00+00:00,,1,7,,S,185.0,186.0,,
630920,R,2020,2020-08-08 01:05:00+00:00,2020-08-08 01:05:00+00:00,,1,9,4.0,I,160.0,188.0,,
630921,R,2020,2020-08-30 18:35:00+00:00,2020-08-30 18:35:00+00:00,,1,9,,S,160.0,179.0,,
630922,R,2020,2020-08-09 18:35:00+00:00,2020-08-09 18:35:00+00:00,,1,9,,S,160.0,188.0,,
630923,R,2020,2020-08-11 01:05:00+00:00,2020-08-11 01:05:00+00:00,,1,9,,S,160.0,169.0,,
630924,R,2020,2020-08-12 01:05:00+00:00,2020-08-12 01:05:00+00:00,,1,9,,S,160.0,169.0,,
630925,R,2020,2020-09-10 01:05:00+00:00,2020-09-10 01:05:00+00:00,,1,9,,S,160.0,188.0,,
630926,R,2020,2020-08-13 01:05:00+00:00,2020-08-13 01:05:00+00:00,,1,9,,S,160.0,169.0,,
630927,R,2020,2020-08-18 01:05:00+00:00,2020-08-18 01:05:00+00:00,,1,9,,S,160.0,168.0,,
630928,R,2020,2020-08-18 20:05:00+00:00,2020-08-18 20:05:00+00:00,,1,9,,S,160.0,168.0,,
630929,R,2020,2020-08-25 01:05:00+00:00,2020-08-25 01:05:00+00:00,,1,9,,S,160.0,166.0,,
630930,R,2020,2020-08-26 01:05:00+00:00,2020-08-26 01:05:00+00:00,,1,9,,S,160.0,166.0,,
630931,R,2020,2020-08-27 01:05:00+00:00,2020-08-27 01:05:00+00:00,,1,9,,S,160.0,166.0,,
630932,R,2020,2020-08-27 23:07:00+00:00,2020-08-27 23:07:00+00:00,,1,9,,S,160.0,166.0,,
630933,R,2020,2020-08-29 01:05:00+00:00,2020-08-29 01:05:00+00:00,,1,9,,S,160.0,179.0,,
630934,R,2020,2020-08-29 23:05:00+00:00,2020-08-29 23:05:00+00:00,,1,9,,S,160.0,179.0,,
630935,R,2020,2020-08-08 23:05:00+00:00,2020-08-08 23:05:00+00:00,,1,9,,S,160.0,188.0,,
630936,R,2020,2020-09-15 22:40:00+00:00,2020-09-15 22:40:00+00:00,,1,9,,S,181.0,180.0,,
630937,R,2020,2020-09-16 19:10:00+00:00,2020-09-16 19:10:00+00:00,,1,9,,S,181.0,180.0,,
630938,R,2020,2020-09-25 22:40:00+00:00,2020-09-25 22:40:00+00:00,,1,9,,S,181.0,186.0,,
630939,R,2020,2020-09-26 22:40:00+00:00,2020-09-26 22:40:00+00:00,,1,9,,S,181.0,186.0,,
630940,R,2020,2020-07-29 20:05:00+00:00,2020-07-29 20:05:00+00:00,,1,9,9.0,F,160.0,183.0,7.0,4.0
630941,R,2020,2020-07-25 00:05:00+00:00,2020-07-25 00:05:00+00:00,,1,9,9.0,F,160.0,172.0,1.0,0.0
630942,R,2020,2020-07-25 20:05:00+00:00,2020-07-25 20:05:00+00:00,,1,9,9.0,F,160.0,172.0,2.0,3.0
630943,R,2020,2020-07-26 18:35:00+00:00,2020-07-26 18:35:00+00:00,,1,9,9.0,F,160.0,172.0,2.0,5.0
630944,R,2020,2020-07-29 01:05:00+00:00,2020-07-29 01:05:00+00:00,,1,9,9.0,F,160.0,183.0,1.0,4.0
630945,R,2020,2020-09-27 19:10:00+00:00,2020-09-27 19:10:00+00:00,,1,9,,S,181.0,186.0,,
630946,R,2020,2020-08-09 17:10:00+00:00,2020-08-09 17:10:00+00:00,,1,9,,S,181.0,187.0,,
630947,R,2020,2020-09-13 17:10:00+00:00,2020-09-13 17:10:00+00:00,,1,9,,S,181.0,182.0,,
630948,R,2020,2020-08-22 22:40:00+00:00,2020-08-22 22:40:00+00:00,,1,9,,S,181.0,185.0,,
630949,R,2020,2020-08-23 17:10:00+00:00,2020-08-23 17:10:00+00:00,,1,9,,S,181.0,185.0,,
630950,R,2020,2020-08-24 19:10:00+00:00,2020-08-24 19:10:00+00:00,,1,9,,S,181.0,185.0,,
630951,R,2020,2020-08-25 22:40:00+00:00,2020-08-25 22:40:00+00:00,,1,9,,S,181.0,189.0,,
630952,R,2020,2020-08-26 22:40:00+00:00,2020-08-26 22:40:00+00:00,,1,9,,S,181.0,189.0,,
630953,R,2020,2020-08-27 22:40:00+00:00,2020-08-27 22:40:00+00:00,,1,9,,S,181.0,189.0,,
630954,R,2020,2020-09-04 22:40:00+00:00,2020-09-04 22:40:00+00:00,,1,9,,S,181.0,162.0,,
630955,R,2020,2020-09-05 22:40:00+00:00,2020-09-05 22:40:00+00:00,,1,9,,S,181.0,162.0,,
630956,R,2020,2020-09-06 17:10:00+00:00,2020-09-06 17:10:00+00:00,,1,9,,S,181.0,162.0,,
630957,R,2020,2020-09-10 22:40:00+00:00,2020-09-10 22:40:00+00:00,,1,9,,S,181.0,182.0,,
630958,R,2020,2020-09-11 22:40:00+00:00,2020-09-11 22:40:00+00:00,,1,9,,S,181.0,182.0,,
630959,R,2020,2020-09-12 22:40:00+00:00,2020-09-12 22:40:00+00:00,,1,9,,S,181.0,182.0,,
630960,R,2020,2020-08-21 22:40:00+00:00,2020-08-21 22:40:00+00:00,,1,9,,S,181.0,185.0,,
630961,R,2020,2020-09-13 18:15:00+00:00,2020-09-13 18:15:00+00:00,,1,9,,S,170.0,177.0,,
630962,R,2020,2020-08-08 18:10:00+00:00,2020-08-08 18:10:00+00:00,,1,7,,S,181.0,187.0,,
630963,R,2020,2020-09-25 03:33:00+00:00,2020-09-25 03:33:00+00:00,,2,7,,S,170.0,161.0,,
630964,R,2020,2020-09-26 23:07:00+00:00,2020-09-26 23:07:00+00:00,,1,9,,S,170.0,161.0,,
630965,R,2020,2020-09-27 19:15:00+00:00,2020-09-27 19:15:00+00:00,,1,9,,S,170.0,161.0,,
630966,R,2020,2020-07-24 22:40:00+00:00,2020-07-24 22:40:00+00:00,,1,9,9.0,F,181.0,185.0,4.0,6.0
630967,R,2020,2020-07-25 19:10:00+00:00,2020-07-25 19:10:00+00:00,,1,9,9.0,F,181.0,185.0,4.0,1.0
630968,R,2020,2020-07-26 17:10:00+00:00,2020-07-26 17:10:00+00:00,,1,9,10.0,F,181.0,185.0,6.0,5.0
630969,R,2020,2020-07-27 22:40:00+00:00,2020-07-27 22:40:00+00:00,,1,9,9.0,F,181.0,164.0,14.0,5.0
630970,R,2020,2020-07-28 22:40:00+00:00,2020-07-28 22:40:00+00:00,,1,9,9.0,F,181.0,164.0,5.0,2.0
630971,R,2020,2020-08-04 22:40:00+00:00,2020-08-04 22:40:00+00:00,,1,9,9.0,F,181.0,182.0,5.0,1.0
630972,R,2020,2020-08-05 22:40:00+00:00,2020-08-05 22:40:00+00:00,,1,9,9.0,F,181.0,182.0,0.0,5.0
630973,R,2020,2020-08-08 03:33:00+00:00,2020-08-08 03:33:00+00:00,,2,7,,S,181.0,187.0,,
630974,R,2020,2020-08-07 22:40:00+00:00,2020-08-07 22:40:00+00:00,,1,9,9.0,F,181.0,187.0,1.0,0.0
630975,R,2020,2020-09-25 00:15:00+00:00,2020-09-25 00:15:00+00:00,,1,9,,S,170.0,161.0,,
630976,R,2020,2020-08-23 18:15:00+00:00,2020-08-23 18:15:00+00:00,,1,9,,S,170.0,177.0,,
630977,R,2020,2020-08-25 00:15:00+00:00,2020-08-25 00:15:00+00:00,,1,9,,S,170.0,174.0,,
630978,R,2020,2020-08-26 00:15:00+00:00,2020-08-26 00:15:00+00:00,,1,9,,S,170.0,174.0,,
630979,R,2020,2020-08-27 00:15:00+00:00,2020-08-27 00:15:00+00:00,,1,9,,S,170.0,174.0,,
630980,R,2020,2020-08-29 00:15:00+00:00,2020-08-29 00:15:00+00:00,,1,9,,S,170.0,171.0,,
630981,R,2020,2020-08-29 17:15:00+00:00,2020-08-29 17:15:00+00:00,,1,9,,S,170.0,171.0,,
630982,R,2020,2020-08-30 18:15:00+00:00,2020-08-30 18:15:00+00:00,,1,9,,S,170.0,171.0,,
630983,R,2020,2020-09-09 00:15:00+00:00,2020-09-09 00:15:00+00:00,,1,9,,S,170.0,165.0,,
630984,R,2020,2020-09-10 00:15:00+00:00,2020-09-10 00:15:00+00:00,,1,9,,S,170.0,165.0,,
630985,R,2020,2020-09-12 00:15:00+00:00,2020-09-12 00:15:00+00:00,,1,9,,S,170.0,177.0,,
630986,R,2020,2020-08-21 00:15:00+00:00,2020-08-21 00:15:00+00:00,,1,9,,S,170.0,177.0,,
630987,R,2020,2020-08-12 18:15:00+00:00,2020-08-12 18:15:00+00:00,,1,9,,S,170.0,167.0,,
630988,R,2020,2020-09-13 00:15:00+00:00,2020-09-13 00:15:00+00:00,,1,9,,S,170.0,177.0,,
630989,R,2020,2020-07-25 00:15:00+00:00,2020-07-25 00:15:00+00:00,,1,9,9.0,F,170.0,167.0,5.0,4.0
630990,R,2020,2020-08-22 00:15:00+00:00,2020-08-22 00:15:00+00:00,,1,9,,S,170.0,177.0,,
630991,R,2020,2020-08-23 00:15:00+00:00,2020-08-23 00:15:00+00:00,,1,9,,S,170.0,177.0,,
630992,R,2020,2020-07-25 18:15:00+00:00,2020-07-25 18:15:00+00:00,,1,9,9.0,F,170.0,167.0,9.0,1.0
630993,R,2020,2020-07-26 18:15:00+00:00,2020-07-26 18:15:00+00:00,,1,9,9.0,F,170.0,167.0,1.0,5.0
630994,R,2020,2020-09-10 18:10:00+00:00,2020-09-10 18:10:00+00:00,,1,7,,S,170.0,173.0,,
630995,R,2020,2020-09-10 03:33:00+00:00,2020-09-10 03:33:00+00:00,,2,7,,S,170.0,173.0,,
630996,R,2020,2020-08-08 00:15:00+00:00,2020-08-08 00:15:00+00:00,,1,9,,DE,170.0,176.0,,
630997,R,2020,2020-08-09 00:15:00+00:00,2020-08-09 00:15:00+00:00,,1,9,,S,170.0,176.0,,
630998,R,2020,2020-08-09 23:08:00+00:00,2020-08-09 23:08:00+00:00,,1,9,,S,170.0,176.0,,
630999,R,2020,2020-08-11 00:15:00+00:00,2020-08-11 00:15:00+00:00,,1,9,,S,170.0,167.0,,
631000,R,2020,2020-08-12 00:15:00+00:00,2020-08-12 00:15:00+00:00,,1,9,,S,170.0,167.0,,
631001,R,2020,2020-08-27 01:45:00+00:00,2020-08-27 01:45:00+00:00,,1,9,,S,184.0,179.0,,
631002,R,2020,2020-09-27 19:05:00+00:00,2020-09-27 19:05:00+00:00,,1,9,,S,184.0,168.0,,
631003,R,2020,2020-09-05 01:45:00+00:00,2020-09-05 01:45:00+00:00,,1,9,,S,184.0,183.0,,
631004,R,2020,2020-09-06 01:15:00+00:00,2020-09-06 01:15:00+00:00,,1,9,,S,184.0,183.0,,
631005,R,2020,2020-09-06 20:05:00+00:00,2020-09-06 20:05:00+00:00,,1,9,,S,184.0,183.0,,
631006,R,2020,2020-09-08 00:05:00+00:00,2020-09-08 00:05:00+00:00,,1,9,,S,184.0,183.0,,
631007,R,2020,2020-09-09 01:45:00+00:00,2020-09-09 01:45:00+00:00,,1,9,,S,184.0,169.0,,
631008,R,2020,2020-09-10 01:45:00+00:00,2020-09-10 01:45:00+00:00,,1,9,,S,184.0,169.0,,
631009,R,2020,2020-09-22 01:45:00+00:00,2020-09-22 01:45:00+00:00,,1,9,,S,184.0,172.0,,
631010,R,2020,2020-09-23 01:45:00+00:00,2020-09-23 01:45:00+00:00,,1,9,,S,184.0,172.0,,
631011,R,2020,2020-09-24 01:45:00+00:00,2020-09-24 01:45:00+00:00,,1,9,,S,184.0,172.0,,
631012,R,2020,2020-09-24 19:45:00+00:00,2020-09-24 19:45:00+00:00,,1,9,,S,184.0,172.0,,
631013,R,2020,2020-09-26 01:45:00+00:00,2020-09-26 01:45:00+00:00,,1,9,,S,184.0,168.0,,
631014,R,2020,2020-07-29 01:45:00+00:00,2020-07-29 01:45:00+00:00,,1,9,9.0,F,184.0,168.0,3.0,5.0
631015,R,2020,2020-08-26 01:45:00+00:00,2020-08-26 01:45:00+00:00,,1,9,,S,184.0,179.0,,
631016,R,2020,2020-09-27 01:15:00+00:00,2020-09-27 01:15:00+00:00,,1,9,,S,184.0,168.0,,
631017,R,2020,2020-08-28 00:05:00+00:00,2020-08-28 00:05:00+00:00,,1,9,,S,184.0,179.0,,
631018,R,2020,2020-07-31 01:45:00+00:00,2020-07-31 01:45:00+00:00,,1,9,10.0,F,184.0,168.0,7.0,12.0
631019,R,2020,2020-08-01 01:10:00+00:00,2020-08-01 01:10:00+00:00,,1,9,9.0,F,184.0,160.0,9.0,2.0
631020,R,2020,2020-08-02 01:10:00+00:00,2020-08-02 01:10:00+00:00,,1,9,9.0,F,184.0,160.0,7.0,3.0
631021,R,2020,2020-08-02 20:05:00+00:00,2020-08-02 20:05:00+00:00,,1,9,9.0,F,184.0,160.0,5.0,9.0
631022,R,2020,2020-08-15 01:45:00+00:00,2020-08-15 01:45:00+00:00,,1,9,,S,184.0,166.0,,
631023,R,2020,2020-08-15 23:07:00+00:00,2020-08-15 23:07:00+00:00,,1,9,,S,184.0,166.0,,
631024,R,2020,2020-08-16 20:05:00+00:00,2020-08-16 20:05:00+00:00,,1,9,,S,184.0,166.0,,
631025,R,2020,2020-08-20 01:45:00+00:00,2020-08-20 01:45:00+00:00,,1,9,,S,184.0,188.0,,
631026,R,2020,2020-08-21 01:45:00+00:00,2020-08-21 01:45:00+00:00,,1,9,,S,184.0,188.0,,
631027,R,2020,2020-08-22 01:45:00+00:00,2020-08-22 01:45:00+00:00,,1,9,,S,184.0,183.0,,
631028,R,2020,2020-08-23 01:15:00+00:00,2020-08-23 01:15:00+00:00,,1,9,,S,184.0,183.0,,
631029,R,2020,2020-08-23 20:10:00+00:00,2020-08-23 20:10:00+00:00,,1,9,,S,184.0,183.0,,
631030,R,2020,2020-09-06 20:10:00+00:00,2020-09-06 20:10:00+00:00,,1,9,,S,169.0,160.0,,
631031,R,2020,2020-09-07 20:10:00+00:00,2020-09-07 20:10:00+00:00,,1,9,,S,169.0,160.0,,
631032,R,2020,2020-09-16 01:40:00+00:00,2020-09-16 01:40:00+00:00,,1,9,,S,169.0,184.0,,
631033,R,2020,2020-07-30 01:45:00+00:00,2020-07-30 01:45:00+00:00,,1,9,9.0,F,184.0,168.0,7.0,6.0
631034,R,2020,2020-09-17 01:40:00+00:00,2020-09-17 01:40:00+00:00,,1,9,,S,169.0,184.0,,
631035,R,2020,2020-09-23 22:40:00+00:00,2020-09-23 22:40:00+00:00,,1,9,,S,169.0,178.0,,
631036,R,2020,2020-09-20 01:10:00+00:00,2020-09-20 01:10:00+00:00,,1,9,,S,169.0,168.0,,
631037,R,2020,2020-09-20 20:10:00+00:00,2020-09-20 20:10:00+00:00,,1,9,,S,169.0,168.0,,
631038,R,2020,2020-09-22 01:10:00+00:00,2020-09-22 01:10:00+00:00,,1,9,,S,169.0,178.0,,
631039,R,2020,2020-09-23 01:10:00+00:00,2020-09-23 01:10:00+00:00,,1,9,,S,169.0,178.0,,
631040,R,2020,2020-09-19 01:40:00+00:00,2020-09-19 01:40:00+00:00,,1,9,,S,169.0,168.0,,
631041,R,2020,2020-09-05 01:10:00+00:00,2020-09-05 01:10:00+00:00,,1,9,,S,169.0,160.0,,
631042,R,2020,2020-08-06 20:10:00+00:00,2020-08-06 20:10:00+00:00,,1,9,9.0,F,169.0,188.0,1.0,6.0
631043,R,2020,2020-08-06 01:40:00+00:00,2020-08-06 01:40:00+00:00,,1,9,9.0,F,169.0,188.0,7.0,6.0
631044,R,2020,2020-09-06 01:10:00+00:00,2020-09-06 01:10:00+00:00,,1,9,,S,169.0,160.0,,
631045,R,2020,2020-08-08 01:40:00+00:00,2020-08-08 01:40:00+00:00,,1,9,3.0,I,169.0,172.0,,
631046,R,2020,2020-08-09 01:10:00+00:00,2020-08-09 01:10:00+00:00,,1,9,,S,169.0,172.0,,
631047,R,2020,2020-08-09 20:10:00+00:00,2020-08-09 20:10:00+00:00,,1,9,,S,169.0,172.0,,
631048,R,2020,2020-08-20 01:40:00+00:00,2020-08-20 01:40:00+00:00,,1,9,,S,169.0,179.0,,
631049,R,2020,2020-08-20 23:10:00+00:00,2020-08-20 23:10:00+00:00,,1,9,,S,169.0,179.0,,
631050,R,2020,2020-08-22 01:10:00+00:00,2020-08-22 01:10:00+00:00,,1,9,,S,169.0,160.0,,
631051,R,2020,2020-08-23 01:10:00+00:00,2020-08-23 01:10:00+00:00,,1,9,,S,169.0,160.0,,
631052,R,2020,2020-08-23 20:10:00+00:00,2020-08-23 20:10:00+00:00,,1,9,,S,169.0,160.0,,
631053,R,2020,2020-09-02 01:40:00+00:00,2020-09-02 01:40:00+00:00,,1,9,,S,169.0,166.0,,
631054,R,2020,2020-09-03 01:40:00+00:00,2020-09-03 01:40:00+00:00,,1,9,,S,169.0,166.0,,
631055,R,2020,2020-09-03 20:10:00+00:00,2020-09-03 20:10:00+00:00,,1,9,,S,169.0,166.0,,
631056,R,2020,2020-09-10 00:10:00+00:00,2020-09-10 00:10:00+00:00,,1,9,,S,168.0,172.0,,
631057,R,2020,2020-08-05 02:10:00+00:00,2020-08-05 02:10:00+00:00,,1,9,9.0,F,169.0,188.0,3.0,5.0
631058,R,2020,2020-09-12 01:10:00+00:00,2020-09-12 01:10:00+00:00,,1,9,,S,168.0,184.0,,
631059,R,2020,2020-09-13 01:10:00+00:00,2020-09-13 01:10:00+00:00,,1,9,,S,168.0,184.0,,
631060,R,2020,2020-09-13 20:10:00+00:00,2020-09-13 20:10:00+00:00,,1,9,,S,168.0,184.0,,
631061,R,2020,2020-09-15 01:10:00+00:00,2020-09-15 01:10:00+00:00,,1,9,,S,168.0,179.0,,
631062,R,2020,2020-09-16 01:10:00+00:00,2020-09-16 01:10:00+00:00,,1,9,,S,168.0,179.0,,
631063,R,2020,2020-09-16 20:10:00+00:00,2020-09-16 20:10:00+00:00,,1,9,,S,168.0,179.0,,
631064,R,2020,2020-09-23 01:10:00+00:00,2020-09-23 01:10:00+00:00,,1,9,,S,168.0,188.0,,
631065,R,2020,2020-09-23 20:10:00+00:00,2020-09-23 20:10:00+00:00,,1,9,,S,168.0,188.0,,
631066,R,2020,2020-08-01 01:40:00+00:00,2020-08-01 01:40:00+00:00,,1,9,9.0,F,169.0,166.0,5.0,3.0
631067,R,2020,2020-08-02 01:10:00+00:00,2020-08-02 01:10:00+00:00,,1,9,10.0,F,169.0,166.0,2.0,3.0
631068,R,2020,2020-08-02 20:10:00+00:00,2020-08-02 20:10:00+00:00,,1,9,9.0,F,169.0,166.0,2.0,3.0
631069,R,2020,2020-08-05 01:10:00+00:00,2020-08-05 01:10:00+00:00,,1,9,9.0,F,168.0,179.0,2.0,5.0
631070,R,2020,2020-08-04 01:10:00+00:00,2020-08-04 01:10:00+00:00,,1,9,9.0,F,169.0,166.0,1.0,11.0
631071,R,2020,2020-09-09 01:10:00+00:00,2020-09-09 01:10:00+00:00,,1,9,,S,168.0,172.0,,
631072,R,2020,2020-09-11 01:10:00+00:00,2020-09-11 01:10:00+00:00,,1,9,,S,168.0,184.0,,
631073,R,2020,2020-08-08 01:10:00+00:00,2020-08-08 01:10:00+00:00,,1,9,6.0,I,168.0,183.0,,
631074,R,2020,2020-08-09 01:10:00+00:00,2020-08-09 01:10:00+00:00,,1,9,,S,168.0,183.0,,
631075,R,2020,2020-08-09 20:10:00+00:00,2020-08-09 20:10:00+00:00,,1,9,,S,168.0,183.0,,
631076,R,2020,2020-08-20 01:10:00+00:00,2020-08-20 01:10:00+00:00,,1,9,,S,168.0,160.0,,
631077,R,2020,2020-08-21 00:10:00+00:00,2020-08-21 00:10:00+00:00,,1,9,,S,168.0,160.0,,
631078,R,2020,2020-08-22 01:10:00+00:00,2020-08-22 01:10:00+00:00,,1,9,,S,168.0,178.0,,
631079,R,2020,2020-08-23 01:10:00+00:00,2020-08-23 01:10:00+00:00,,1,9,,S,168.0,178.0,,
631080,R,2020,2020-08-23 20:10:00+00:00,2020-08-23 20:10:00+00:00,,1,9,,S,168.0,178.0,,
631081,R,2020,2020-08-26 01:10:00+00:00,2020-08-26 01:10:00+00:00,,1,9,,S,168.0,169.0,,
631082,R,2020,2020-08-27 01:10:00+00:00,2020-08-27 01:10:00+00:00,,1,9,,S,168.0,169.0,,
631083,R,2020,2020-08-27 20:10:00+00:00,2020-08-27 20:10:00+00:00,,1,9,,S,168.0,169.0,,
631084,R,2020,2020-09-08 01:10:00+00:00,2020-09-08 01:10:00+00:00,,1,9,,S,168.0,172.0,,
631085,R,2020,2020-08-06 01:10:00+00:00,2020-08-06 01:10:00+00:00,,1,9,9.0,F,168.0,179.0,6.0,7.0
631086,R,2020,2020-09-20 03:33:00+00:00,2020-09-20 03:33:00+00:00,,1,9,,S,167.0,170.0,,
631087,R,2020,2020-09-21 23:05:00+00:00,2020-09-21 23:05:00+00:00,,1,9,,S,167.0,176.0,,
631088,R,2020,2020-09-22 23:05:00+00:00,2020-09-22 23:05:00+00:00,,1,9,,S,167.0,176.0,,
631089,R,2020,2020-09-23 23:05:00+00:00,2020-09-23 23:05:00+00:00,,1,9,,S,167.0,176.0,,
631090,R,2020,2020-08-04 01:10:00+00:00,2020-08-04 01:10:00+00:00,,1,9,9.0,F,168.0,179.0,5.0,4.0
631091,R,2020,2020-07-25 01:10:00+00:00,2020-07-25 01:10:00+00:00,,1,9,9.0,F,168.0,183.0,7.0,2.0
631092,R,2020,2020-07-26 01:10:00+00:00,2020-07-26 01:10:00+00:00,,1,9,9.0,F,168.0,183.0,5.0,1.0
631096,R,2020,2020-09-08 23:05:00+00:00,2020-09-08 23:05:00+00:00,,1,9,,S,167.0,163.0,,
631097,R,2020,2020-07-26 20:10:00+00:00,2020-07-26 20:10:00+00:00,,1,9,9.0,F,168.0,183.0,3.0,4.0
631098,R,2020,2020-07-27 20:10:00+00:00,2020-07-27 20:10:00+00:00,,1,9,9.0,F,168.0,183.0,6.0,2.0
631099,R,2020,2020-09-24 23:05:00+00:00,2020-09-24 23:05:00+00:00,,1,9,,S,167.0,176.0,,
631100,R,2020,2020-09-09 23:05:00+00:00,2020-09-09 23:05:00+00:00,,1,9,,S,167.0,163.0,,
631101,R,2020,2020-09-17 23:05:00+00:00,2020-09-17 23:05:00+00:00,,1,9,,S,167.0,170.0,,
631102,R,2020,2020-09-18 23:05:00+00:00,2020-09-18 23:05:00+00:00,,1,9,,S,167.0,170.0,,
631103,R,2020,2020-08-21 23:05:00+00:00,2020-08-21 23:05:00+00:00,,1,9,,S,167.0,161.0,,
631104,R,2020,2020-08-22 20:05:00+00:00,2020-08-22 20:05:00+00:00,,1,9,,S,167.0,161.0,,
631105,R,2020,2020-08-07 23:05:00+00:00,2020-08-07 23:05:00+00:00,,1,9,9.0,I,167.0,173.0,,
631106,R,2020,2020-08-08 20:05:00+00:00,2020-08-08 20:05:00+00:00,,1,9,,S,167.0,173.0,,
631107,R,2020,2020-08-23 17:35:00+00:00,2020-08-23 17:35:00+00:00,,1,9,,S,167.0,161.0,,
631108,R,2020,2020-07-25 20:05:00+00:00,2020-07-25 20:05:00+00:00,,1,9,9.0,F,186.0,162.0,7.0,1.0
631109,R,2020,2020-09-01 23:05:00+00:00,2020-09-01 23:05:00+00:00,,1,9,,S,167.0,176.0,,
631110,R,2020,2020-08-09 17:35:00+00:00,2020-08-09 17:35:00+00:00,,1,9,,S,167.0,173.0,,
631111,R,2020,2020-09-02 23:05:00+00:00,2020-09-02 23:05:00+00:00,,1,9,,S,167.0,176.0,,
631112,R,2020,2020-09-03 17:35:00+00:00,2020-09-03 17:35:00+00:00,,1,9,,S,167.0,176.0,,
631113,R,2020,2020-09-04 23:05:00+00:00,2020-09-04 23:05:00+00:00,,1,9,,S,167.0,177.0,,
631114,R,2020,2020-08-18 23:05:00+00:00,2020-08-18 23:05:00+00:00,,1,9,,S,167.0,171.0,,
631115,R,2020,2020-09-05 23:05:00+00:00,2020-09-05 23:05:00+00:00,,1,9,,S,167.0,177.0,,
631116,R,2020,2020-09-06 17:35:00+00:00,2020-09-06 17:35:00+00:00,,1,9,,S,167.0,177.0,,
631117,R,2020,2020-09-17 23:05:00+00:00,2020-09-17 23:05:00+00:00,,1,9,,S,186.0,175.0,,
631118,R,2020,2020-08-20 23:05:00+00:00,2020-08-20 23:05:00+00:00,,1,9,,S,167.0,171.0,,
631119,R,2020,2020-09-16 23:05:00+00:00,2020-09-16 23:05:00+00:00,,1,9,,S,186.0,175.0,,
631120,R,2020,2020-08-19 23:05:00+00:00,2020-08-19 23:05:00+00:00,,1,9,,S,167.0,171.0,,
631121,R,2020,2020-07-24 23:05:00+00:00,2020-07-24 23:05:00+00:00,,1,9,9.0,F,186.0,162.0,2.0,5.0
631122,R,2020,2020-09-18 03:33:00+00:00,2020-09-18 03:33:00+00:00,,2,7,,S,186.0,185.0,,
631123,R,2020,2020-09-19 22:05:00+00:00,2020-09-19 22:05:00+00:00,,1,9,,S,186.0,185.0,,
631124,R,2020,2020-08-16 17:05:00+00:00,2020-08-16 17:05:00+00:00,,1,9,,S,186.0,175.0,,
631125,R,2020,2020-08-28 23:05:00+00:00,2020-08-28 23:05:00+00:00,,1,9,,S,186.0,164.0,,
631126,R,2020,2020-07-26 17:05:00+00:00,2020-07-26 17:05:00+00:00,,1,9,9.0,F,186.0,162.0,6.0,11.0
631127,R,2020,2020-08-05 03:33:00+00:00,2020-08-05 03:33:00+00:00,,2,7,7.0,F,186.0,187.0,1.0,3.0
631128,R,2020,2020-09-20 07:33:00+00:00,2020-09-20 07:33:00+00:00,,1,9,,S,186.0,185.0,,
631129,R,2020,2020-08-06 22:05:00+00:00,2020-08-06 22:05:00+00:00,,1,9,9.0,F,186.0,187.0,5.0,4.0
631130,R,2020,2020-07-27 23:05:00+00:00,2020-07-27 23:05:00+00:00,,1,9,11.0,F,167.0,161.0,5.0,6.0
631131,R,2020,2020-08-09 03:33:00+00:00,2020-08-07 23:05:00+00:00,2020-08-09 03:33:00+00:00,1,7,1.0,DI,186.0,164.0,,
631132,R,2020,2020-07-28 23:05:00+00:00,2020-07-28 23:05:00+00:00,,1,9,9.0,F,167.0,161.0,8.0,6.0
631133,R,2020,2020-08-08 22:05:00+00:00,2020-08-08 22:05:00+00:00,,1,9,,S,186.0,164.0,,
631134,R,2020,2020-08-29 17:15:00+00:00,2020-08-29 17:15:00+00:00,,1,9,,S,186.0,164.0,,
631135,R,2020,2020-08-30 23:08:00+00:00,2020-08-30 23:08:00+00:00,,1,9,,S,186.0,164.0,,
631136,R,2020,2020-08-09 17:05:00+00:00,2020-08-09 17:05:00+00:00,,1,9,,S,186.0,164.0,,
631137,R,2020,2020-07-29 23:05:00+00:00,2020-07-29 23:05:00+00:00,,1,9,9.0,F,167.0,161.0,0.0,3.0
631138,R,2020,2020-08-10 22:05:00+00:00,2020-08-10 22:05:00+00:00,,1,9,,S,186.0,164.0,,
631139,R,2020,2020-08-11 23:05:00+00:00,2020-08-11 23:05:00+00:00,,1,9,,S,186.0,189.0,,
631140,R,2020,2020-08-05 23:05:00+00:00,2020-08-05 23:05:00+00:00,,1,9,9.0,F,167.0,165.0,2.0,5.0
631141,R,2020,2020-08-12 23:05:00+00:00,2020-08-12 23:05:00+00:00,,1,9,,S,186.0,189.0,,
631142,R,2020,2020-08-13 20:05:00+00:00,2020-08-13 20:05:00+00:00,,1,9,,S,186.0,189.0,,
631143,R,2020,2020-08-31 23:05:00+00:00,2020-08-31 23:05:00+00:00,,1,9,,S,186.0,180.0,,
631144,R,2020,2020-09-15 23:05:00+00:00,2020-09-15 23:05:00+00:00,,1,9,,S,186.0,175.0,,
631145,R,2020,2020-09-02 23:05:00+00:00,2020-09-02 23:05:00+00:00,,1,9,,S,186.0,180.0,,
631146,R,2020,2020-09-03 20:05:00+00:00,2020-09-03 20:05:00+00:00,,1,9,,S,186.0,180.0,,
631147,R,2020,2020-09-19 23:05:00+00:00,2020-09-19 23:05:00+00:00,,1,9,,S,167.0,170.0,,
631148,R,2020,2020-08-06 17:35:00+00:00,2020-08-06 17:35:00+00:00,,1,9,9.0,F,167.0,165.0,6.0,5.0
631149,R,2020,2020-09-08 20:05:00+00:00,2020-09-08 20:05:00+00:00,,1,7,,S,186.0,182.0,,
631150,R,2020,2020-08-14 23:05:00+00:00,2020-08-14 23:05:00+00:00,,1,9,,S,186.0,175.0,,
631151,R,2020,2020-08-15 22:05:00+00:00,2020-08-15 22:05:00+00:00,,1,9,,S,186.0,175.0,,
631152,R,2020,2020-09-08 03:33:00+00:00,2020-09-08 03:33:00+00:00,,2,7,,S,186.0,182.0,,
631153,R,2020,2020-09-01 23:05:00+00:00,2020-09-01 23:05:00+00:00,,1,9,,S,186.0,180.0,,
631154,R,2020,2020-08-22 20:10:00+00:00,2020-08-22 20:10:00+00:00,,1,9,,S,166.0,188.0,,
631155,R,2020,2020-09-27 19:10:00+00:00,2020-09-27 19:10:00+00:00,,1,9,,S,166.0,169.0,,
631156,R,2020,2020-09-05 01:40:00+00:00,2020-09-05 01:40:00+00:00,,1,9,,S,166.0,168.0,,
631157,R,2020,2020-09-05 20:10:00+00:00,2020-09-05 20:10:00+00:00,,1,9,,S,166.0,168.0,,
631158,R,2020,2020-09-06 20:10:00+00:00,2020-09-06 20:10:00+00:00,,1,9,,S,166.0,168.0,,
631159,R,2020,2020-09-08 01:10:00+00:00,2020-09-08 01:10:00+00:00,,1,9,,S,166.0,178.0,,
631160,R,2020,2020-09-09 01:10:00+00:00,2020-09-09 01:10:00+00:00,,1,9,,S,166.0,178.0,,
631161,R,2020,2020-09-10 01:10:00+00:00,2020-09-10 01:10:00+00:00,,1,9,,S,166.0,178.0,,
631162,R,2020,2020-09-10 19:40:00+00:00,2020-09-10 19:40:00+00:00,,1,9,,S,166.0,178.0,,
631163,R,2020,2020-09-19 01:40:00+00:00,2020-09-19 01:40:00+00:00,,1,9,,S,166.0,184.0,,
631164,R,2020,2020-09-19 20:10:00+00:00,2020-09-19 20:10:00+00:00,,1,9,,S,166.0,184.0,,
631165,R,2020,2020-07-26 20:10:00+00:00,2020-07-26 20:10:00+00:00,,1,9,9.0,F,166.0,188.0,6.0,4.0
631166,R,2020,2020-09-20 20:10:00+00:00,2020-09-20 20:10:00+00:00,,1,9,,S,166.0,184.0,,
631167,R,2020,2020-09-26 01:40:00+00:00,2020-09-26 01:40:00+00:00,,1,9,,S,166.0,169.0,,
631168,R,2020,2020-07-27 19:40:00+00:00,2020-07-27 19:40:00+00:00,,1,9,9.0,F,166.0,188.0,3.0,0.0
631169,R,2020,2020-09-26 20:10:00+00:00,2020-09-26 20:10:00+00:00,,1,9,,S,166.0,169.0,,
631170,R,2020,2020-08-23 20:10:00+00:00,2020-08-23 20:10:00+00:00,,1,9,,S,166.0,188.0,,
631171,R,2020,2020-07-29 01:40:00+00:00,2020-07-29 01:40:00+00:00,,1,9,9.0,F,166.0,172.0,3.0,8.0
631172,R,2020,2020-07-29 19:40:00+00:00,2020-07-29 19:40:00+00:00,,1,9,9.0,F,166.0,172.0,1.0,5.0
631173,R,2020,2020-08-05 01:10:00+00:00,2020-08-05 01:10:00+00:00,,1,9,9.0,F,166.0,160.0,5.0,1.0
631174,R,2020,2020-08-06 01:10:00+00:00,2020-08-06 01:10:00+00:00,,1,9,9.0,F,166.0,160.0,6.0,4.0
631175,R,2020,2020-08-06 19:40:00+00:00,2020-08-06 19:40:00+00:00,,1,9,9.0,F,166.0,160.0,6.0,4.0
631176,R,2020,2020-08-08 01:10:00+00:00,2020-08-08 01:10:00+00:00,,1,9,5.0,I,166.0,178.0,,
631177,R,2020,2020-08-08 20:10:00+00:00,2020-08-08 20:10:00+00:00,,1,9,,S,166.0,178.0,,
631178,R,2020,2020-08-09 20:10:00+00:00,2020-08-09 20:10:00+00:00,,1,9,,S,166.0,178.0,,
631179,R,2020,2020-08-20 01:40:00+00:00,2020-08-20 01:40:00+00:00,,1,9,,S,166.0,183.0,,
631180,R,2020,2020-08-21 01:40:00+00:00,2020-08-21 01:40:00+00:00,,1,9,,S,166.0,183.0,,
631181,R,2020,2020-07-25 20:10:00+00:00,2020-07-25 20:10:00+00:00,,1,9,9.0,F,166.0,188.0,1.0,4.0
631182,R,2020,2020-07-25 02:10:00+00:00,2020-07-25 02:10:00+00:00,,1,9,10.0,F,166.0,188.0,7.0,3.0
631183,R,2020,2020-09-10 23:05:00+00:00,2020-09-10 23:05:00+00:00,,1,9,,S,187.0,189.0,,
631184,R,2020,2020-09-11 23:05:00+00:00,2020-09-11 23:05:00+00:00,,1,9,,S,187.0,189.0,,
631185,R,2020,2020-09-12 17:05:00+00:00,2020-09-12 17:05:00+00:00,,1,9,,S,187.0,189.0,,
631186,R,2020,2020-08-22 01:40:00+00:00,2020-08-22 01:40:00+00:00,,1,9,,S,166.0,188.0,,
631187,R,2020,2020-09-13 17:05:00+00:00,2020-09-13 17:05:00+00:00,,1,9,,S,187.0,189.0,,
631188,R,2020,2020-09-27 19:05:00+00:00,2020-09-27 19:05:00+00:00,,1,9,,S,187.0,162.0,,
631189,R,2020,2020-09-16 23:05:00+00:00,2020-09-16 23:05:00+00:00,,1,9,,S,187.0,185.0,,
631190,R,2020,2020-09-17 23:05:00+00:00,2020-09-17 23:05:00+00:00,,1,9,,S,187.0,185.0,,
631191,R,2020,2020-09-25 23:05:00+00:00,2020-09-25 23:05:00+00:00,,1,9,,S,187.0,162.0,,
631192,R,2020,2020-08-11 23:05:00+00:00,2020-08-11 23:05:00+00:00,,1,9,,S,187.0,164.0,,
631193,R,2020,2020-09-26 17:05:00+00:00,2020-09-26 17:05:00+00:00,,1,9,,S,187.0,162.0,,
631194,R,2020,2020-09-02 23:05:00+00:00,2020-09-02 23:05:00+00:00,,1,9,,S,187.0,181.0,,
631195,R,2020,2020-09-15 23:05:00+00:00,2020-09-15 23:05:00+00:00,,1,9,,S,187.0,185.0,,
631196,R,2020,2020-08-14 23:05:00+00:00,2020-08-14 23:05:00+00:00,,1,9,,S,187.0,182.0,,
631197,R,2020,2020-08-15 23:07:00+00:00,2020-08-15 23:07:00+00:00,,1,9,,S,187.0,182.0,,
631198,R,2020,2020-08-16 23:08:00+00:00,2020-08-16 23:08:00+00:00,,1,9,,S,187.0,182.0,,
631199,R,2020,2020-08-17 23:05:00+00:00,2020-08-17 23:05:00+00:00,,1,9,,S,187.0,182.0,,
631200,R,2020,2020-08-18 23:05:00+00:00,2020-08-18 23:05:00+00:00,,1,9,,S,187.0,181.0,,
631201,R,2020,2020-08-19 23:05:00+00:00,2020-08-19 23:05:00+00:00,,1,9,,S,187.0,181.0,,
631202,R,2020,2020-08-20 17:05:00+00:00,2020-08-20 17:05:00+00:00,,1,9,,S,187.0,181.0,,
631203,R,2020,2020-08-28 23:05:00+00:00,2020-08-28 23:05:00+00:00,,1,9,,S,187.0,175.0,,
631204,R,2020,2020-08-29 17:05:00+00:00,2020-08-29 17:05:00+00:00,,1,9,,S,187.0,175.0,,
631205,R,2020,2020-08-30 17:05:00+00:00,2020-08-30 17:05:00+00:00,,1,9,,S,187.0,175.0,,
631206,R,2020,2020-08-31 23:05:00+00:00,2020-08-31 23:05:00+00:00,,1,9,,S,187.0,181.0,,
631207,R,2020,2020-09-01 23:05:00+00:00,2020-09-01 23:05:00+00:00,,1,9,,S,187.0,181.0,,
631208,R,2020,2020-08-12 23:05:00+00:00,2020-08-12 23:05:00+00:00,,1,9,,S,187.0,164.0,,
631209,R,2020,2020-09-06 17:10:00+00:00,2020-09-06 17:10:00+00:00,,1,9,,S,175.0,186.0,,
631210,R,2020,2020-08-02 23:08:00+00:00,2020-08-02 23:08:00+00:00,,1,9,9.0,F,187.0,182.0,9.0,7.0
631211,R,2020,2020-09-08 23:10:00+00:00,2020-09-08 23:10:00+00:00,,1,9,,S,175.0,189.0,,
631212,R,2020,2020-09-09 23:10:00+00:00,2020-09-09 23:10:00+00:00,,1,9,,S,175.0,189.0,,
631213,R,2020,2020-09-18 23:10:00+00:00,2020-09-18 23:10:00+00:00,,1,9,,S,175.0,164.0,,
631214,R,2020,2020-09-19 23:07:00+00:00,2020-09-19 23:07:00+00:00,,1,9,,S,175.0,164.0,,
631215,R,2020,2020-09-20 17:10:00+00:00,2020-09-20 17:10:00+00:00,,1,9,,S,175.0,164.0,,
631216,R,2020,2020-09-21 23:10:00+00:00,2020-09-21 23:10:00+00:00,,1,9,,S,175.0,181.0,,
631217,R,2020,2020-09-22 23:10:00+00:00,2020-09-22 23:10:00+00:00,,1,9,,S,175.0,181.0,,
631218,R,2020,2020-09-23 23:10:00+00:00,2020-09-23 23:10:00+00:00,,1,9,,S,175.0,181.0,,
631219,R,2020,2020-08-03 23:05:00+00:00,2020-08-03 23:05:00+00:00,,1,9,9.0,F,187.0,186.0,6.0,3.0
631220,R,2020,2020-08-05 20:05:00+00:00,2020-08-05 20:05:00+00:00,,1,7,7.0,F,187.0,186.0,7.0,11.0
631221,R,2020,2020-09-04 23:10:00+00:00,2020-09-04 23:10:00+00:00,,1,9,,S,175.0,186.0,,
631222,R,2020,2020-07-31 23:05:00+00:00,2020-07-31 23:05:00+00:00,,1,9,9.0,F,187.0,182.0,5.0,1.0
631223,R,2020,2020-08-27 23:10:00+00:00,2020-08-27 23:10:00+00:00,,1,9,,S,175.0,162.0,,
631224,R,2020,2020-08-01 23:07:00+00:00,2020-08-01 23:07:00+00:00,,1,9,9.0,F,187.0,182.0,5.0,2.0
631225,R,2020,2020-09-07 17:10:00+00:00,2020-09-07 17:10:00+00:00,,1,9,,S,175.0,186.0,,
631226,R,2020,2020-08-26 23:10:00+00:00,2020-08-26 23:10:00+00:00,,1,9,,S,175.0,162.0,,
631227,R,2020,2020-08-25 23:10:00+00:00,2020-08-25 23:10:00+00:00,,1,9,,S,175.0,162.0,,
631228,R,2020,2020-09-05 23:10:00+00:00,2020-09-05 23:10:00+00:00,,1,9,,S,175.0,186.0,,
631229,R,2020,2020-08-22 23:10:00+00:00,2020-08-22 23:10:00+00:00,,1,9,,S,175.0,187.0,,
631230,R,2020,2020-08-21 23:10:00+00:00,2020-08-21 23:10:00+00:00,,1,9,,S,175.0,187.0,,
631231,R,2020,2020-08-13 17:10:00+00:00,2020-08-13 17:10:00+00:00,,1,9,,S,175.0,180.0,,
631232,R,2020,2020-08-12 23:10:00+00:00,2020-08-12 23:10:00+00:00,,1,9,,S,175.0,180.0,,
631233,R,2020,2020-08-10 23:10:00+00:00,2020-08-10 23:10:00+00:00,,1,9,,S,175.0,180.0,,
631234,R,2020,2020-08-23 17:10:00+00:00,2020-08-23 17:10:00+00:00,,1,9,,S,175.0,187.0,,
631235,R,2020,2020-08-09 17:10:00+00:00,2020-08-09 17:10:00+00:00,,1,9,,S,175.0,162.0,,
631236,R,2020,2020-08-08 23:10:00+00:00,2020-08-08 23:10:00+00:00,,1,9,,S,175.0,162.0,,
631237,R,2020,2020-08-07 23:10:00+00:00,2020-08-07 23:10:00+00:00,,1,9,8.0,I,175.0,162.0,,
631238,R,2020,2020-07-30 23:07:00+00:00,2020-07-30 23:07:00+00:00,,1,9,9.0,F,175.0,182.0,2.0,4.0
631239,R,2020,2020-07-29 23:10:00+00:00,2020-07-29 23:10:00+00:00,,1,9,9.0,F,175.0,182.0,5.0,6.0
631240,R,2020,2020-07-26 23:08:00+00:00,2020-07-26 23:08:00+00:00,,1,9,9.0,F,175.0,164.0,1.0,14.0
631241,R,2020,2020-07-25 20:10:00+00:00,2020-07-25 20:10:00+00:00,,1,9,10.0,F,175.0,164.0,3.0,5.0
631242,R,2020,2020-07-24 20:10:00+00:00,2020-07-24 20:10:00+00:00,,1,9,9.0,F,175.0,164.0,1.0,0.0
631243,R,2020,2020-08-11 23:10:00+00:00,2020-08-11 23:10:00+00:00,,1,9,,S,175.0,180.0,,
631244,R,2020,2020-09-27 19:10:00+00:00,2020-09-27 19:10:00+00:00,,1,9,,S,165.0,177.0,,
631245,R,2020,2020-09-26 23:10:00+00:00,2020-09-26 23:10:00+00:00,,1,9,,S,165.0,177.0,,
631246,R,2020,2020-09-26 00:10:00+00:00,2020-09-26 00:10:00+00:00,,1,9,,S,165.0,177.0,,
631247,R,2020,2020-09-01 00:10:00+00:00,2020-09-01 00:10:00+00:00,,1,9,,S,165.0,163.0,,
631248,R,2020,2020-08-20 23:10:00+00:00,2020-08-20 23:10:00+00:00,,1,9,,S,165.0,161.0,,
631249,R,2020,2020-08-20 00:10:00+00:00,2020-08-20 00:10:00+00:00,,1,9,,S,165.0,161.0,,
631250,R,2020,2020-09-23 23:40:00+00:00,2020-09-23 23:40:00+00:00,,1,9,,S,165.0,173.0,,
631251,R,2020,2020-09-22 23:40:00+00:00,2020-09-22 23:40:00+00:00,,1,9,,S,165.0,173.0,,
631252,R,2020,2020-08-16 18:10:00+00:00,2020-08-16 18:10:00+00:00,,1,9,,S,165.0,174.0,,
631253,R,2020,2020-09-03 00:10:00+00:00,2020-09-03 00:10:00+00:00,,1,9,,S,165.0,163.0,,
631254,R,2020,2020-09-06 18:10:00+00:00,2020-09-06 18:10:00+00:00,,1,9,,S,165.0,173.0,,
631255,R,2020,2020-09-07 18:10:00+00:00,2020-09-07 18:10:00+00:00,,1,9,,S,165.0,173.0,,
631256,R,2020,2020-09-12 00:10:00+00:00,2020-09-12 00:10:00+00:00,,1,9,,S,165.0,171.0,,
631257,R,2020,2020-09-13 00:07:00+00:00,2020-09-13 00:07:00+00:00,,1,9,,S,165.0,171.0,,
631258,R,2020,2020-08-18 00:10:00+00:00,2020-08-18 00:10:00+00:00,,1,9,,S,165.0,174.0,,
631259,R,2020,2020-09-13 20:10:00+00:00,2020-09-13 20:10:00+00:00,,1,9,,S,165.0,171.0,,
631260,R,2020,2020-08-19 00:10:00+00:00,2020-08-19 00:10:00+00:00,,1,9,,S,165.0,161.0,,
631261,R,2020,2020-09-02 00:10:00+00:00,2020-09-02 00:10:00+00:00,,1,9,,S,165.0,163.0,,
631262,R,2020,2020-09-05 00:10:00+00:00,2020-09-05 00:10:00+00:00,,1,9,,S,165.0,173.0,,
631263,R,2020,2020-09-15 23:40:00+00:00,2020-09-15 23:40:00+00:00,,1,9,,S,161.0,170.0,,
631264,R,2020,2020-09-05 23:10:00+00:00,2020-09-05 23:10:00+00:00,,1,9,,S,165.0,173.0,,
631265,R,2020,2020-09-16 21:10:00+00:00,2020-09-16 21:10:00+00:00,,1,7,,S,161.0,170.0,,
631266,R,2020,2020-09-19 00:10:00+00:00,2020-09-19 00:10:00+00:00,,1,9,,S,161.0,174.0,,
631267,R,2020,2020-09-19 23:10:00+00:00,2020-09-19 23:10:00+00:00,,1,9,,S,161.0,174.0,,
631268,R,2020,2020-09-20 18:10:00+00:00,2020-09-20 18:10:00+00:00,,1,9,,S,161.0,174.0,,
631269,R,2020,2020-07-29 00:10:00+00:00,2020-07-29 00:10:00+00:00,,1,9,9.0,F,165.0,170.0,6.0,3.0
631270,R,2020,2020-07-30 00:10:00+00:00,2020-07-30 00:10:00+00:00,,1,9,9.0,F,165.0,170.0,3.0,0.0
631271,R,2020,2020-07-30 23:07:00+00:00,2020-07-30 23:07:00+00:00,,1,9,9.0,F,165.0,171.0,0.0,2.0
631272,R,2020,2020-08-01 00:10:00+00:00,2020-08-01 00:10:00+00:00,,1,9,9.0,F,165.0,171.0,4.0,1.0
631273,R,2020,2020-08-01 23:10:00+00:00,2020-08-01 23:10:00+00:00,,1,9,9.0,F,165.0,171.0,3.0,0.0
631274,R,2020,2020-08-02 18:10:00+00:00,2020-08-02 18:10:00+00:00,,1,9,9.0,F,165.0,171.0,3.0,1.0
631275,R,2020,2020-08-04 00:10:00+00:00,2020-08-04 00:10:00+00:00,,1,9,9.0,F,165.0,167.0,5.0,4.0
631276,R,2020,2020-08-04 18:10:00+00:00,2020-08-04 18:10:00+00:00,,1,9,9.0,F,165.0,167.0,7.0,3.0
631277,R,2020,2020-08-29 23:10:00+00:00,2020-08-29 23:10:00+00:00,,1,9,,S,161.0,167.0,,
631278,R,2020,2020-08-30 18:10:00+00:00,2020-08-30 18:10:00+00:00,,1,9,,S,161.0,167.0,,
631279,R,2020,2020-08-15 00:10:00+00:00,2020-08-15 00:10:00+00:00,,1,9,,S,165.0,174.0,,
631280,R,2020,2020-08-15 23:10:00+00:00,2020-08-15 23:10:00+00:00,,1,9,,S,165.0,174.0,,
631281,R,2020,2020-08-31 23:40:00+00:00,2020-08-31 23:40:00+00:00,,1,9,,S,161.0,167.0,,
631282,R,2020,2020-09-14 21:10:00+00:00,2020-09-14 21:10:00+00:00,,1,7,,S,161.0,170.0,,
631283,R,2020,2020-09-02 23:40:00+00:00,2020-09-02 23:40:00+00:00,,1,9,,S,161.0,173.0,,
631284,R,2020,2020-09-12 00:10:00+00:00,2020-09-12 00:10:00+00:00,,1,9,,S,161.0,176.0,,
631285,R,2020,2020-09-12 23:10:00+00:00,2020-09-12 23:10:00+00:00,,1,9,,S,161.0,176.0,,
631286,R,2020,2020-09-13 18:10:00+00:00,2020-09-13 18:10:00+00:00,,1,9,,S,161.0,176.0,,
631287,R,2020,2020-09-01 23:40:00+00:00,2020-09-01 23:40:00+00:00,,1,9,,S,161.0,173.0,,
631288,R,2020,2020-09-14 03:33:00+00:00,2020-09-14 03:33:00+00:00,,2,7,,S,161.0,170.0,,
631289,R,2020,2020-09-16 03:33:00+00:00,2020-09-16 03:33:00+00:00,,2,7,,S,161.0,170.0,,
631290,R,2020,2020-08-28 00:10:00+00:00,2020-08-28 00:10:00+00:00,,1,9,,S,161.0,177.0,,
631291,R,2020,2020-08-29 00:10:00+00:00,2020-08-29 00:10:00+00:00,,1,9,,S,161.0,167.0,,
631292,R,2020,2020-09-25 21:15:00+00:00,2020-09-25 21:15:00+00:00,,1,7,,S,161.0,170.0,,
631293,R,2020,2020-08-04 00:10:00+00:00,2020-08-04 00:10:00+00:00,,1,9,9.0,F,161.0,163.0,4.0,6.0
631294,R,2020,2020-08-05 00:10:00+00:00,2020-08-05 00:10:00+00:00,,1,9,9.0,F,161.0,163.0,2.0,3.0
631295,R,2020,2020-08-08 00:10:00+00:00,2020-08-08 00:10:00+00:00,,1,9,7.0,I,161.0,177.0,,
631296,R,2020,2020-08-08 23:10:00+00:00,2020-08-08 23:10:00+00:00,,1,9,,S,161.0,177.0,,
631297,R,2020,2020-08-09 18:10:00+00:00,2020-08-09 18:10:00+00:00,,1,9,,S,161.0,177.0,,
631298,R,2020,2020-08-11 00:10:00+00:00,2020-08-11 00:10:00+00:00,,1,9,,S,161.0,165.0,,
631299,R,2020,2020-08-12 00:10:00+00:00,2020-08-12 00:10:00+00:00,,1,9,,S,161.0,165.0,,
631300,R,2020,2020-08-12 23:10:00+00:00,2020-08-12 23:10:00+00:00,,1,9,,S,161.0,165.0,,
631301,R,2020,2020-08-25 00:10:00+00:00,2020-08-25 00:10:00+00:00,,1,9,,S,161.0,177.0,,
631302,R,2020,2020-08-26 00:10:00+00:00,2020-08-26 00:10:00+00:00,,1,9,,S,161.0,177.0,,
631303,R,2020,2020-08-27 00:10:00+00:00,2020-08-27 00:10:00+00:00,,1,9,,S,161.0,177.0,,
631304,R,2020,2020-08-28 23:10:00+00:00,2020-08-28 23:10:00+00:00,,1,9,,S,162.0,181.0,,
631305,R,2020,2020-09-20 17:10:00+00:00,2020-09-20 17:10:00+00:00,,1,7,,S,162.0,180.0,,
631306,R,2020,2020-08-30 17:10:00+00:00,2020-08-30 17:10:00+00:00,,1,9,,S,162.0,181.0,,
631307,R,2020,2020-09-01 22:40:00+00:00,2020-09-01 22:40:00+00:00,,1,9,,S,162.0,185.0,,
631308,R,2020,2020-09-02 22:40:00+00:00,2020-09-02 22:40:00+00:00,,1,9,,S,162.0,185.0,,
631309,R,2020,2020-09-10 22:40:00+00:00,2020-09-10 22:40:00+00:00,,1,9,,S,162.0,186.0,,
631310,R,2020,2020-09-11 21:10:00+00:00,2020-09-11 21:10:00+00:00,,1,7,,S,162.0,186.0,,
631311,R,2020,2020-09-12 22:10:00+00:00,2020-09-12 22:10:00+00:00,,1,9,,S,162.0,186.0,,
631312,R,2020,2020-09-13 17:10:00+00:00,2020-09-13 17:10:00+00:00,,1,7,,S,162.0,186.0,,
631313,R,2020,2020-09-17 17:10:00+00:00,2020-09-17 17:10:00+00:00,,1,9,,S,162.0,182.0,,
631314,R,2020,2020-09-15 22:40:00+00:00,2020-09-15 22:40:00+00:00,,1,9,,S,162.0,182.0,,
631315,R,2020,2020-09-16 22:40:00+00:00,2020-09-16 22:40:00+00:00,,1,9,,S,162.0,182.0,,
631316,R,2020,2020-09-18 21:10:00+00:00,2020-09-18 21:10:00+00:00,,1,7,,S,162.0,180.0,,
631317,R,2020,2020-09-19 22:10:00+00:00,2020-09-19 22:10:00+00:00,,1,9,,S,162.0,180.0,,
631318,R,2020,2020-09-11 03:33:00+00:00,2020-09-11 03:33:00+00:00,,2,7,,S,162.0,186.0,,
631319,R,2020,2020-08-29 22:10:00+00:00,2020-08-29 22:10:00+00:00,,1,9,,S,162.0,181.0,,
631320,R,2020,2020-09-13 03:33:00+00:00,2020-09-13 03:33:00+00:00,,2,7,,S,162.0,186.0,,
631321,R,2020,2020-09-14 20:10:00+00:00,2020-09-14 20:10:00+00:00,,1,9,,S,162.0,186.0,,
631322,R,2020,2020-08-14 23:10:00+00:00,2020-08-14 23:10:00+00:00,,1,9,,S,162.0,164.0,,
631323,R,2020,2020-08-20 22:10:00+00:00,2020-08-20 22:10:00+00:00,,1,9,,S,162.0,175.0,,
631324,R,2020,2020-08-16 17:10:00+00:00,2020-08-16 17:10:00+00:00,,1,9,,S,162.0,164.0,,
631325,R,2020,2020-08-17 23:10:00+00:00,2020-08-17 23:10:00+00:00,,1,9,,S,162.0,175.0,,
631326,R,2020,2020-08-18 23:10:00+00:00,2020-08-18 23:10:00+00:00,,1,9,,S,162.0,175.0,,
631327,R,2020,2020-08-19 23:10:00+00:00,2020-08-19 23:10:00+00:00,,1,9,,S,162.0,175.0,,
631328,R,2020,2020-09-06 01:10:00+00:00,2020-09-06 01:10:00+00:00,,1,9,,S,179.0,172.0,,
631329,R,2020,2020-09-20 03:33:00+00:00,2020-09-20 03:33:00+00:00,,2,7,,S,162.0,180.0,,
631330,R,2020,2020-08-15 22:10:00+00:00,2020-08-15 22:10:00+00:00,,1,9,,S,162.0,164.0,,
631331,R,2020,2020-09-13 00:07:00+00:00,2020-09-13 00:07:00+00:00,,1,9,,S,179.0,178.0,,
631332,R,2020,2020-09-13 03:33:00+00:00,2020-09-13 03:33:00+00:00,,1,9,,S,179.0,178.0,,
631333,R,2020,2020-09-23 01:40:00+00:00,2020-09-23 01:40:00+00:00,,1,9,,S,179.0,166.0,,
631334,R,2020,2020-09-24 01:40:00+00:00,2020-09-24 01:40:00+00:00,,1,9,,S,179.0,166.0,,
631335,R,2020,2020-09-25 01:40:00+00:00,2020-09-25 01:40:00+00:00,,1,9,,S,179.0,166.0,,
631336,R,2020,2020-09-26 01:40:00+00:00,2020-09-26 01:40:00+00:00,,1,9,,S,179.0,188.0,,
631337,R,2020,2020-09-27 01:10:00+00:00,2020-09-27 01:10:00+00:00,,1,9,,S,179.0,188.0,,
631338,R,2020,2020-09-27 19:10:00+00:00,2020-09-27 19:10:00+00:00,,1,9,,S,179.0,188.0,,
631339,R,2020,2020-08-05 03:33:00+00:00,2020-08-05 03:33:00+00:00,,2,7,7.0,F,162.0,189.0,2.0,1.0
631340,R,2020,2020-08-06 23:35:00+00:00,2020-08-06 23:35:00+00:00,,1,9,9.0,F,162.0,189.0,8.0,7.0
631341,R,2020,2020-08-22 03:33:00+00:00,2020-08-22 03:33:00+00:00,,2,7,,S,162.0,180.0,,
631342,R,2020,2020-09-18 03:33:00+00:00,2020-09-18 03:33:00+00:00,,2,7,,S,162.0,180.0,,
631343,R,2020,2020-08-09 01:10:00+00:00,2020-08-09 01:10:00+00:00,,1,9,,S,179.0,184.0,,
631344,R,2020,2020-09-07 02:10:00+00:00,2020-09-07 02:10:00+00:00,,1,9,,S,179.0,172.0,,
631345,R,2020,2020-09-05 01:40:00+00:00,2020-09-05 01:40:00+00:00,,1,9,,S,179.0,172.0,,
631346,R,2020,2020-08-11 01:40:00+00:00,2020-08-11 01:40:00+00:00,,1,9,,S,179.0,168.0,,
631347,R,2020,2020-08-12 01:40:00+00:00,2020-08-12 01:40:00+00:00,,1,9,,S,179.0,168.0,,
631348,R,2020,2020-08-22 01:40:00+00:00,2020-08-22 01:40:00+00:00,,1,9,,S,179.0,172.0,,
631349,R,2020,2020-08-23 01:10:00+00:00,2020-08-23 01:10:00+00:00,,1,9,,S,179.0,172.0,,
631350,R,2020,2020-08-13 01:40:00+00:00,2020-08-13 01:40:00+00:00,,1,9,,S,179.0,168.0,,
631351,R,2020,2020-08-14 01:40:00+00:00,2020-08-14 01:40:00+00:00,,1,9,,S,179.0,168.0,,
631352,R,2020,2020-08-18 01:40:00+00:00,2020-08-18 01:40:00+00:00,,1,9,,S,179.0,169.0,,
631353,R,2020,2020-08-18 23:10:00+00:00,2020-08-18 23:10:00+00:00,,1,9,,S,179.0,169.0,,
631354,R,2020,2020-08-23 20:10:00+00:00,2020-08-23 20:10:00+00:00,,1,9,,S,179.0,172.0,,
631355,R,2020,2020-09-02 01:40:00+00:00,2020-09-02 01:40:00+00:00,,1,9,,S,179.0,183.0,,
631356,R,2020,2020-09-03 01:40:00+00:00,2020-09-03 01:40:00+00:00,,1,9,,S,179.0,183.0,,
631357,R,2020,2020-09-05 01:10:00+00:00,2020-09-05 01:10:00+00:00,,1,9,,S,188.0,178.0,,
631358,R,2020,2020-08-08 01:40:00+00:00,2020-08-08 01:40:00+00:00,,1,9,3.0,I,179.0,184.0,,
631359,R,2020,2020-09-06 20:10:00+00:00,2020-09-06 20:10:00+00:00,,1,9,,S,188.0,178.0,,
631360,R,2020,2020-09-16 01:40:00+00:00,2020-09-16 01:40:00+00:00,,1,9,,S,188.0,183.0,,
631361,R,2020,2020-09-17 01:40:00+00:00,2020-09-17 01:40:00+00:00,,1,9,,S,188.0,183.0,,
631362,R,2020,2020-09-17 20:10:00+00:00,2020-09-17 20:10:00+00:00,,1,9,,S,188.0,183.0,,
631363,R,2020,2020-08-16 01:40:00+00:00,2020-08-16 01:40:00+00:00,,1,9,,S,188.0,179.0,,
631364,R,2020,2020-08-16 20:10:00+00:00,2020-08-16 20:10:00+00:00,,1,9,,S,188.0,179.0,,
631365,R,2020,2020-08-18 01:40:00+00:00,2020-08-18 01:40:00+00:00,,1,9,,S,188.0,184.0,,
631366,R,2020,2020-08-18 20:10:00+00:00,2020-08-18 20:10:00+00:00,,1,9,,S,188.0,184.0,,
631367,R,2020,2020-09-19 01:10:00+00:00,2020-09-19 01:10:00+00:00,,1,9,,S,188.0,160.0,,
631368,R,2020,2020-09-03 23:10:00+00:00,2020-09-03 23:10:00+00:00,,1,9,,S,188.0,168.0,,
631369,R,2020,2020-08-30 01:40:00+00:00,2020-08-30 01:40:00+00:00,,1,9,,S,188.0,169.0,,
631370,R,2020,2020-09-04 01:40:00+00:00,2020-09-04 01:40:00+00:00,,1,9,,S,179.0,183.0,,
631371,R,2020,2020-08-30 20:10:00+00:00,2020-08-30 20:10:00+00:00,,1,9,,S,188.0,169.0,,
631372,R,2020,2020-09-19 23:07:00+00:00,2020-09-19 23:07:00+00:00,,1,9,,S,188.0,160.0,,
631373,R,2020,2020-08-09 20:10:00+00:00,2020-08-09 20:10:00+00:00,,1,9,,S,179.0,184.0,,
631374,R,2020,2020-08-31 20:10:00+00:00,2020-08-31 20:10:00+00:00,,1,9,,S,188.0,169.0,,
631375,R,2020,2020-09-20 20:10:00+00:00,2020-09-20 20:10:00+00:00,,1,9,,S,188.0,160.0,,
631376,R,2020,2020-09-21 03:33:00+00:00,2020-09-21 03:33:00+00:00,,1,9,,S,188.0,160.0,,
631377,R,2020,2020-07-24 02:08:00+00:00,2020-07-24 02:08:00+00:00,,1,9,9.0,F,179.0,184.0,8.0,1.0
631378,R,2020,2020-07-25 01:40:00+00:00,2020-07-25 01:40:00+00:00,,1,9,9.0,F,179.0,184.0,9.0,1.0
631379,R,2020,2020-09-03 01:40:00+00:00,2020-09-03 01:40:00+00:00,,1,9,,S,188.0,168.0,,
631380,R,2020,2020-09-24 00:05:00+00:00,2020-09-24 00:05:00+00:00,,1,9,,S,174.0,170.0,,
631381,R,2020,2020-08-15 01:40:00+00:00,2020-08-15 01:40:00+00:00,,1,9,,S,188.0,179.0,,
631382,R,2020,2020-07-25 20:10:00+00:00,2020-07-25 20:10:00+00:00,,1,9,9.0,F,179.0,184.0,4.0,5.0
631383,R,2020,2020-09-26 00:05:00+00:00,2020-09-26 00:05:00+00:00,,1,9,,S,174.0,173.0,,
631384,R,2020,2020-07-27 02:08:00+00:00,2020-07-27 02:08:00+00:00,,1,9,9.0,F,179.0,184.0,1.0,3.0
631385,R,2020,2020-09-26 23:05:00+00:00,2020-09-26 23:05:00+00:00,,1,9,,S,174.0,173.0,,
631386,R,2020,2020-09-27 19:05:00+00:00,2020-09-27 19:05:00+00:00,,1,9,,S,174.0,173.0,,
631387,R,2020,2020-07-29 01:40:00+00:00,2020-07-29 01:40:00+00:00,,1,9,9.0,F,188.0,169.0,10.0,2.0
631388,R,2020,2020-09-06 01:10:00+00:00,2020-09-06 01:10:00+00:00,,1,9,,S,188.0,178.0,,
631389,R,2020,2020-07-30 02:10:00+00:00,2020-07-30 02:10:00+00:00,,1,9,9.0,F,188.0,169.0,7.0,10.0
631390,R,2020,2020-07-31 01:40:00+00:00,2020-07-31 01:40:00+00:00,,1,9,9.0,F,188.0,169.0,5.0,8.0
631391,R,2020,2020-08-01 01:10:00+00:00,2020-08-01 01:10:00+00:00,,1,9,9.0,F,188.0,178.0,6.0,9.0
631392,R,2020,2020-08-01 23:07:00+00:00,2020-08-01 23:07:00+00:00,,1,9,10.0,F,188.0,178.0,5.0,4.0
631393,R,2020,2020-08-02 20:10:00+00:00,2020-08-02 20:10:00+00:00,,1,9,11.0,F,188.0,178.0,5.0,6.0
631394,R,2020,2020-08-29 01:40:00+00:00,2020-08-29 01:40:00+00:00,,1,9,,S,188.0,169.0,,
631395,R,2020,2020-08-11 01:40:00+00:00,2020-08-11 01:40:00+00:00,,1,9,,S,188.0,166.0,,
631396,R,2020,2020-08-12 01:40:00+00:00,2020-08-12 01:40:00+00:00,,1,9,,S,188.0,166.0,,
631397,R,2020,2020-08-12 20:10:00+00:00,2020-08-12 20:10:00+00:00,,1,9,,S,188.0,166.0,,
631398,R,2020,2020-09-25 00:05:00+00:00,2020-09-25 00:05:00+00:00,,1,9,,S,174.0,173.0,,
631399,R,2020,2020-09-12 00:05:00+00:00,2020-09-12 00:05:00+00:00,,1,9,,S,174.0,167.0,,
631400,R,2020,2020-09-12 23:05:00+00:00,2020-09-12 23:05:00+00:00,,1,9,,S,174.0,167.0,,
631401,R,2020,2020-09-13 18:05:00+00:00,2020-09-13 18:05:00+00:00,,1,9,,S,174.0,167.0,,
631402,R,2020,2020-09-22 00:05:00+00:00,2020-09-22 00:05:00+00:00,,1,9,,S,174.0,170.0,,
631403,R,2020,2020-08-22 23:05:00+00:00,2020-08-22 23:05:00+00:00,,1,9,,S,174.0,165.0,,
631404,R,2020,2020-09-03 00:05:00+00:00,2020-09-03 00:05:00+00:00,,1,9,,S,174.0,171.0,,
631405,R,2020,2020-09-04 00:05:00+00:00,2020-09-04 00:05:00+00:00,,1,9,,S,174.0,163.0,,
631406,R,2020,2020-09-05 00:05:00+00:00,2020-09-05 00:05:00+00:00,,1,9,,S,174.0,163.0,,
631407,R,2020,2020-09-06 18:05:00+00:00,2020-09-06 18:05:00+00:00,,1,9,,S,174.0,163.0,,
631408,R,2020,2020-09-05 23:05:00+00:00,2020-09-05 23:05:00+00:00,,1,9,,S,174.0,163.0,,
631409,R,2020,2020-08-22 00:05:00+00:00,2020-08-22 00:05:00+00:00,,1,9,,S,174.0,165.0,,
631410,R,2020,2020-08-01 00:05:00+00:00,2020-08-01 00:05:00+00:00,,1,9,9.0,F,174.0,163.0,2.0,3.0
631411,R,2020,2020-09-23 00:05:00+00:00,2020-09-23 00:05:00+00:00,,1,9,,S,174.0,170.0,,
631412,R,2020,2020-08-23 18:05:00+00:00,2020-08-23 18:05:00+00:00,,1,9,,S,174.0,165.0,,
631413,R,2020,2020-08-01 23:05:00+00:00,2020-08-01 23:05:00+00:00,,1,9,9.0,F,174.0,163.0,5.0,11.0
631414,R,2020,2020-09-01 00:05:00+00:00,2020-09-01 00:05:00+00:00,,1,9,,S,174.0,171.0,,
631415,R,2020,2020-08-02 18:05:00+00:00,2020-08-02 18:05:00+00:00,,1,9,9.0,F,174.0,163.0,2.0,9.0
631416,R,2020,2020-09-02 00:05:00+00:00,2020-09-02 00:05:00+00:00,,1,9,,S,174.0,171.0,,
631417,R,2020,2020-08-06 00:05:00+00:00,2020-08-06 00:05:00+00:00,,1,9,9.0,F,174.0,176.0,1.0,6.0
631418,R,2020,2020-08-20 00:05:00+00:00,2020-08-20 00:05:00+00:00,,1,9,,S,174.0,177.0,,
631419,R,2020,2020-08-08 00:05:00+00:00,2020-08-08 00:05:00+00:00,,1,9,7.0,I,174.0,165.0,,
631420,R,2020,2020-08-08 23:05:00+00:00,2020-08-08 23:05:00+00:00,,1,9,,S,174.0,165.0,,
631421,R,2020,2020-08-09 18:05:00+00:00,2020-08-09 18:05:00+00:00,,1,9,,S,174.0,165.0,,
631422,R,2020,2020-08-19 00:05:00+00:00,2020-08-19 00:05:00+00:00,,1,9,,S,174.0,177.0,,
631423,R,2020,2020-08-26 01:10:00+00:00,2020-08-26 01:10:00+00:00,,1,9,,S,178.0,188.0,,
631424,R,2020,2020-09-20 18:10:00+00:00,2020-09-20 18:10:00+00:00,,1,9,,S,178.0,183.0,,
631425,R,2020,2020-08-06 23:07:00+00:00,2020-08-06 23:07:00+00:00,,1,9,9.0,F,174.0,176.0,13.0,2.0
631426,R,2020,2020-08-27 19:10:00+00:00,2020-08-27 19:10:00+00:00,,1,9,,S,178.0,188.0,,
631427,R,2020,2020-08-29 01:10:00+00:00,2020-08-29 01:10:00+00:00,,1,9,,S,178.0,166.0,,
631428,R,2020,2020-08-29 23:10:00+00:00,2020-08-29 23:10:00+00:00,,1,9,,S,178.0,166.0,,
631429,R,2020,2020-08-30 18:10:00+00:00,2020-08-30 18:10:00+00:00,,1,9,,S,178.0,166.0,,
631430,R,2020,2020-09-02 00:10:00+00:00,2020-09-02 00:10:00+00:00,,1,9,,S,178.0,160.0,,
631431,R,2020,2020-09-03 00:10:00+00:00,2020-09-03 00:10:00+00:00,,1,9,,S,178.0,160.0,,
631432,R,2020,2020-09-03 18:10:00+00:00,2020-09-03 18:10:00+00:00,,1,9,,S,178.0,160.0,,
631433,R,2020,2020-09-16 00:10:00+00:00,2020-09-16 00:10:00+00:00,,1,9,,S,178.0,160.0,,
631434,R,2020,2020-09-17 00:10:00+00:00,2020-09-17 00:10:00+00:00,,1,9,,S,178.0,160.0,,
631435,R,2020,2020-09-17 23:10:00+00:00,2020-09-17 23:10:00+00:00,,1,9,,S,178.0,160.0,,
631436,R,2020,2020-09-19 00:10:00+00:00,2020-09-19 00:10:00+00:00,,1,9,,S,178.0,183.0,,
631437,R,2020,2020-09-19 23:10:00+00:00,2020-09-19 23:10:00+00:00,,1,9,,S,178.0,183.0,,
631438,R,2020,2020-07-25 01:10:00+00:00,2020-07-25 01:10:00+00:00,,1,9,9.0,F,178.0,169.0,8.0,2.0
631439,R,2020,2020-08-25 01:10:00+00:00,2020-08-25 01:10:00+00:00,,1,9,,S,178.0,188.0,,
631440,R,2020,2020-08-27 01:10:00+00:00,2020-08-27 01:10:00+00:00,,1,9,,S,178.0,188.0,,
631441,R,2020,2020-07-26 18:10:00+00:00,2020-07-26 18:10:00+00:00,,1,9,9.0,F,178.0,169.0,6.0,7.0
631442,R,2020,2020-07-27 23:10:00+00:00,2020-07-27 23:10:00+00:00,,1,9,9.0,F,178.0,169.0,8.0,5.0
631443,R,2020,2020-07-29 01:10:00+00:00,2020-07-29 01:10:00+00:00,,1,9,9.0,F,178.0,179.0,2.0,5.0
631444,R,2020,2020-07-29 23:10:00+00:00,2020-07-29 23:10:00+00:00,,1,9,13.0,F,178.0,179.0,2.0,4.0
631445,R,2020,2020-08-11 01:10:00+00:00,2020-08-11 01:10:00+00:00,,1,9,,S,178.0,184.0,,
631446,R,2020,2020-08-12 01:10:00+00:00,2020-08-12 01:10:00+00:00,,1,9,,S,178.0,184.0,,
631447,R,2020,2020-08-12 23:10:00+00:00,2020-08-12 23:10:00+00:00,,1,9,,S,178.0,184.0,,
631448,R,2020,2020-08-15 01:10:00+00:00,2020-08-15 01:10:00+00:00,,1,9,,S,178.0,169.0,,
631449,R,2020,2020-08-15 23:10:00+00:00,2020-08-15 23:10:00+00:00,,1,9,,S,178.0,169.0,,
631450,R,2020,2020-08-16 18:10:00+00:00,2020-08-16 18:10:00+00:00,,1,9,,S,178.0,169.0,,
631451,R,2020,2020-08-18 01:10:00+00:00,2020-08-18 01:10:00+00:00,,1,9,,S,178.0,172.0,,
631452,R,2020,2020-08-18 19:10:00+00:00,2020-08-18 19:10:00+00:00,,1,9,,S,178.0,172.0,,
631453,R,2020,2020-07-25 20:10:00+00:00,2020-07-25 20:10:00+00:00,,1,9,9.0,F,178.0,169.0,7.0,2.0
631454,R,2020,2020-09-20 17:10:00+00:00,2020-09-20 17:10:00+00:00,,1,9,,S,173.0,171.0,,
631455,R,2020,2020-08-26 23:10:00+00:00,2020-08-26 23:10:00+00:00,,1,9,,S,173.0,176.0,,
631456,R,2020,2020-08-27 23:10:00+00:00,2020-08-27 23:10:00+00:00,,1,9,,S,173.0,165.0,,
631457,R,2020,2020-08-28 23:10:00+00:00,2020-08-28 23:10:00+00:00,,1,9,,S,173.0,165.0,,
631458,R,2020,2020-08-29 22:10:00+00:00,2020-08-29 22:10:00+00:00,,1,9,,S,173.0,165.0,,
631459,R,2020,2020-08-30 17:10:00+00:00,2020-08-30 17:10:00+00:00,,1,9,,S,173.0,165.0,,
631460,R,2020,2020-09-08 23:10:00+00:00,2020-09-08 23:10:00+00:00,,1,9,,S,173.0,161.0,,
631461,R,2020,2020-09-09 17:10:00+00:00,2020-09-09 17:10:00+00:00,,1,9,,S,173.0,161.0,,
631462,R,2020,2020-09-15 23:10:00+00:00,2020-09-15 23:10:00+00:00,,1,9,,S,173.0,174.0,,
631463,R,2020,2020-09-16 23:10:00+00:00,2020-09-16 23:10:00+00:00,,1,9,,S,173.0,174.0,,
631464,R,2020,2020-09-17 23:10:00+00:00,2020-09-17 23:10:00+00:00,,1,9,,S,173.0,171.0,,
631465,R,2020,2020-09-18 23:10:00+00:00,2020-09-18 23:10:00+00:00,,1,9,,S,173.0,171.0,,
631466,R,2020,2020-09-19 22:10:00+00:00,2020-09-19 22:10:00+00:00,,1,9,,S,173.0,171.0,,
631467,R,2020,2020-08-25 23:10:00+00:00,2020-08-25 23:10:00+00:00,,1,9,,S,173.0,176.0,,
631468,R,2020,2020-08-24 23:10:00+00:00,2020-08-24 23:10:00+00:00,,1,9,,S,173.0,176.0,,
631469,R,2020,2020-08-02 03:33:00+00:00,2020-08-02 03:33:00+00:00,,2,7,7.0,F,173.0,177.0,0.0,4.0
631470,R,2020,2020-08-02 16:10:00+00:00,2020-08-02 16:10:00+00:00,,1,7,7.0,F,173.0,177.0,3.0,4.0
631471,R,2020,2020-08-13 03:33:00+00:00,2020-08-13 03:33:00+00:00,,2,7,,S,173.0,170.0,,
631472,R,2020,2020-08-13 17:10:00+00:00,2020-08-13 17:10:00+00:00,,1,7,,S,173.0,170.0,,
631473,R,2020,2020-08-10 23:10:00+00:00,2020-08-10 23:10:00+00:00,,1,9,,S,173.0,163.0,,
631474,R,2020,2020-08-11 23:10:00+00:00,2020-08-11 23:10:00+00:00,,1,9,,S,173.0,163.0,,
631475,R,2020,2020-08-12 17:10:00+00:00,2020-08-12 17:10:00+00:00,,1,9,,S,173.0,163.0,,
631476,R,2020,2020-08-14 23:10:00+00:00,2020-08-14 23:10:00+00:00,,1,9,,S,173.0,171.0,,
631477,R,2020,2020-08-15 22:10:00+00:00,2020-08-15 22:10:00+00:00,,1,9,,S,173.0,171.0,,
631478,R,2020,2020-09-12 00:10:00+00:00,2020-09-12 00:10:00+00:00,,1,9,,S,163.0,173.0,,
631479,R,2020,2020-08-16 17:10:00+00:00,2020-08-16 17:10:00+00:00,,1,9,,S,173.0,171.0,,
631480,R,2020,2020-07-31 23:10:00+00:00,2020-07-31 23:10:00+00:00,,1,9,9.0,F,173.0,177.0,7.0,2.0
631481,R,2020,2020-09-13 18:10:00+00:00,2020-09-13 18:10:00+00:00,,1,9,,S,163.0,173.0,,
631482,R,2020,2020-09-15 00:10:00+00:00,2020-09-15 00:10:00+00:00,,1,9,,S,163.0,165.0,,
631483,R,2020,2020-09-16 00:10:00+00:00,2020-09-16 00:10:00+00:00,,1,9,,S,163.0,165.0,,
631484,R,2020,2020-09-17 00:10:00+00:00,2020-09-17 00:10:00+00:00,,1,9,,S,163.0,165.0,,
631485,R,2020,2020-09-17 18:10:00+00:00,2020-09-17 18:10:00+00:00,,1,9,,S,163.0,165.0,,
631486,R,2020,2020-09-26 00:10:00+00:00,2020-09-26 00:10:00+00:00,,1,9,,S,163.0,176.0,,
631487,R,2020,2020-09-26 23:10:00+00:00,2020-09-26 23:10:00+00:00,,1,9,,S,163.0,176.0,,
631488,R,2020,2020-09-27 19:10:00+00:00,2020-09-27 19:10:00+00:00,,1,9,,S,163.0,176.0,,
631489,R,2020,2020-07-27 23:10:00+00:00,2020-07-27 23:10:00+00:00,,1,9,9.0,F,173.0,174.0,6.0,14.0
631490,R,2020,2020-07-28 23:10:00+00:00,2020-07-28 23:10:00+00:00,,1,9,9.0,F,173.0,174.0,4.0,3.0
631491,R,2020,2020-08-16 18:10:00+00:00,2020-08-16 18:10:00+00:00,,1,9,,S,163.0,170.0,,
631492,R,2020,2020-07-29 23:10:00+00:00,2020-07-29 23:10:00+00:00,,1,9,9.0,F,173.0,174.0,5.0,4.0
631493,R,2020,2020-08-18 00:10:00+00:00,2020-08-18 00:10:00+00:00,,1,9,,S,163.0,173.0,,
631494,R,2020,2020-07-30 23:10:00+00:00,2020-07-30 23:10:00+00:00,,1,9,9.0,F,173.0,174.0,3.0,5.0
631495,R,2020,2020-09-12 23:10:00+00:00,2020-09-12 23:10:00+00:00,,1,9,,S,163.0,173.0,,
631496,R,2020,2020-08-19 00:10:00+00:00,2020-08-19 00:10:00+00:00,,1,9,,S,163.0,173.0,,
631497,R,2020,2020-08-20 00:10:00+00:00,2020-08-20 00:10:00+00:00,,1,9,,S,163.0,173.0,,
631498,R,2020,2020-08-20 18:10:00+00:00,2020-08-20 18:10:00+00:00,,1,9,,S,163.0,173.0,,
631499,R,2020,2020-08-26 00:10:00+00:00,2020-08-26 00:10:00+00:00,,1,9,,S,163.0,167.0,,
631500,R,2020,2020-08-26 18:10:00+00:00,2020-08-26 18:10:00+00:00,,1,9,,S,163.0,167.0,,
631501,R,2020,2020-08-29 00:10:00+00:00,2020-08-29 00:10:00+00:00,,1,9,,S,163.0,174.0,,
631502,R,2020,2020-08-29 18:10:00+00:00,2020-08-29 18:10:00+00:00,,1,9,,S,163.0,174.0,,
631503,R,2020,2020-08-08 18:10:00+00:00,2020-08-08 18:10:00+00:00,,1,9,,S,163.0,171.0,,
631504,R,2020,2020-08-08 00:10:00+00:00,2020-08-08 00:10:00+00:00,,1,9,8.0,I,163.0,171.0,,
631505,R,2020,2020-08-30 18:10:00+00:00,2020-08-30 18:10:00+00:00,,1,9,,S,163.0,174.0,,
631506,R,2020,2020-08-09 18:10:00+00:00,2020-08-09 18:10:00+00:00,,1,9,,S,163.0,171.0,,
631507,R,2020,2020-08-15 00:10:00+00:00,2020-08-15 00:10:00+00:00,,1,9,,S,163.0,170.0,,
631508,R,2020,2020-08-15 18:10:00+00:00,2020-08-15 18:10:00+00:00,,1,9,,S,163.0,170.0,,
631509,R,2020,2020-09-16 19:10:00+00:00,2020-09-16 19:10:00+00:00,,1,9,,S,172.0,166.0,,
631510,R,2020,2020-09-18 00:40:00+00:00,2020-09-18 00:40:00+00:00,,1,9,,S,172.0,179.0,,
631511,R,2020,2020-09-19 00:10:00+00:00,2020-09-19 00:10:00+00:00,,1,9,,S,172.0,179.0,,
631512,R,2020,2020-09-20 00:10:00+00:00,2020-09-20 00:10:00+00:00,,1,9,,S,172.0,179.0,,
631513,R,2020,2020-08-07 00:10:00+00:00,2020-08-07 00:10:00+00:00,,1,9,9.0,F,163.0,161.0,3.0,8.0
631514,R,2020,2020-07-25 00:10:00+00:00,2020-07-25 00:10:00+00:00,,1,9,9.0,F,163.0,165.0,5.0,10.0
631515,R,2020,2020-07-25 18:10:00+00:00,2020-07-25 18:10:00+00:00,,1,9,9.0,F,163.0,165.0,10.0,3.0
631516,R,2020,2020-08-15 00:40:00+00:00,2020-08-15 00:40:00+00:00,,1,9,,S,172.0,160.0,,
631517,R,2020,2020-07-26 18:10:00+00:00,2020-07-26 18:10:00+00:00,,1,9,9.0,F,163.0,165.0,2.0,14.0
631518,R,2020,2020-08-06 00:10:00+00:00,2020-08-06 00:10:00+00:00,,1,9,9.0,F,163.0,161.0,0.0,1.0
631519,R,2020,2020-09-20 19:10:00+00:00,2020-09-20 19:10:00+00:00,,1,9,,S,172.0,179.0,,
631520,R,2020,2020-09-16 00:40:00+00:00,2020-09-16 00:40:00+00:00,,1,9,,S,172.0,166.0,,
631521,R,2020,2020-08-16 19:10:00+00:00,2020-08-16 19:10:00+00:00,,1,9,,S,172.0,160.0,,
631522,R,2020,2020-08-20 00:40:00+00:00,2020-08-20 00:40:00+00:00,,1,9,,S,172.0,178.0,,
631523,R,2020,2020-08-20 19:10:00+00:00,2020-08-20 19:10:00+00:00,,1,9,,S,172.0,178.0,,
631524,R,2020,2020-08-29 00:40:00+00:00,2020-08-29 00:40:00+00:00,,1,9,,S,172.0,168.0,,
631525,R,2020,2020-08-30 00:10:00+00:00,2020-08-30 00:10:00+00:00,,1,9,,S,172.0,168.0,,
631526,R,2020,2020-08-30 19:10:00+00:00,2020-08-30 19:10:00+00:00,,1,9,,S,172.0,168.0,,
631527,R,2020,2020-09-01 01:40:00+00:00,2020-09-01 01:40:00+00:00,,1,9,,S,172.0,168.0,,
631528,R,2020,2020-09-02 00:40:00+00:00,2020-09-02 00:40:00+00:00,,1,9,,S,172.0,184.0,,
631529,R,2020,2020-09-02 19:10:00+00:00,2020-09-02 19:10:00+00:00,,1,9,,S,172.0,184.0,,
631530,R,2020,2020-09-12 00:40:00+00:00,2020-09-12 00:40:00+00:00,,1,9,,S,172.0,188.0,,
631531,R,2020,2020-09-13 00:10:00+00:00,2020-09-13 00:10:00+00:00,,1,9,,S,172.0,188.0,,
631532,R,2020,2020-09-13 19:10:00+00:00,2020-09-13 19:10:00+00:00,,1,9,,S,172.0,188.0,,
631533,R,2020,2020-08-16 00:10:00+00:00,2020-08-16 00:10:00+00:00,,1,9,,S,172.0,160.0,,
631534,R,2020,2020-09-23 22:10:00+00:00,2020-09-23 22:10:00+00:00,,1,9,,S,171.0,163.0,,
631535,R,2020,2020-08-12 19:10:00+00:00,2020-08-12 19:10:00+00:00,,1,9,,S,172.0,183.0,,
631536,R,2020,2020-09-25 23:10:00+00:00,2020-09-25 23:10:00+00:00,,1,9,,S,171.0,167.0,,
631537,R,2020,2020-09-26 23:10:00+00:00,2020-09-26 23:10:00+00:00,,1,9,,S,171.0,167.0,,
631538,R,2020,2020-09-27 19:10:00+00:00,2020-09-27 19:10:00+00:00,,1,9,,S,171.0,167.0,,
631539,R,2020,2020-08-01 00:10:00+00:00,2020-08-01 00:10:00+00:00,,1,9,9.0,F,172.0,168.0,7.0,8.0
631540,R,2020,2020-08-02 00:10:00+00:00,2020-08-02 00:10:00+00:00,,1,9,9.0,F,172.0,168.0,6.0,1.0
631541,R,2020,2020-08-02 19:10:00+00:00,2020-08-02 19:10:00+00:00,,1,9,9.0,F,172.0,168.0,9.0,6.0
631542,R,2020,2020-08-04 00:40:00+00:00,2020-08-04 00:40:00+00:00,,1,9,9.0,F,172.0,184.0,7.0,6.0
631543,R,2020,2020-08-05 00:40:00+00:00,2020-08-05 00:40:00+00:00,,1,9,9.0,F,172.0,184.0,5.0,2.0
631544,R,2020,2020-08-06 00:40:00+00:00,2020-08-06 00:40:00+00:00,,1,9,9.0,F,172.0,184.0,3.0,4.0
631545,R,2020,2020-08-06 19:10:00+00:00,2020-08-06 19:10:00+00:00,,1,9,9.0,F,172.0,184.0,6.0,4.0
631546,R,2020,2020-08-11 00:40:00+00:00,2020-08-11 00:40:00+00:00,,1,9,,S,172.0,183.0,,
631547,R,2020,2020-08-12 00:40:00+00:00,2020-08-12 00:40:00+00:00,,1,9,,S,172.0,183.0,,
631548,R,2020,2020-08-21 23:10:00+00:00,2020-08-21 23:10:00+00:00,,1,9,,S,171.0,173.0,,
631549,R,2020,2020-09-24 22:10:00+00:00,2020-09-24 22:10:00+00:00,,1,9,,S,171.0,163.0,,
631550,R,2020,2020-09-22 22:10:00+00:00,2020-09-22 22:10:00+00:00,,1,9,,S,171.0,163.0,,
631551,R,2020,2020-08-23 17:10:00+00:00,2020-08-23 17:10:00+00:00,,1,9,,S,171.0,173.0,,
631552,R,2020,2020-08-24 23:10:00+00:00,2020-08-24 23:10:00+00:00,,1,9,,S,171.0,165.0,,
631553,R,2020,2020-08-25 23:10:00+00:00,2020-08-25 23:10:00+00:00,,1,9,,S,171.0,165.0,,
631554,R,2020,2020-08-26 23:10:00+00:00,2020-08-26 23:10:00+00:00,,1,9,,S,171.0,165.0,,
631555,R,2020,2020-09-04 23:10:00+00:00,2020-09-04 23:10:00+00:00,,1,9,,S,171.0,161.0,,
631556,R,2020,2020-09-05 23:10:00+00:00,2020-09-05 23:10:00+00:00,,1,9,,S,171.0,161.0,,
631557,R,2020,2020-09-06 17:10:00+00:00,2020-09-06 17:10:00+00:00,,1,9,,S,171.0,161.0,,
631558,R,2020,2020-09-07 22:10:00+00:00,2020-09-07 22:10:00+00:00,,1,9,,S,171.0,174.0,,
631559,R,2020,2020-09-08 22:10:00+00:00,2020-09-08 22:10:00+00:00,,1,9,,S,171.0,174.0,,
631560,R,2020,2020-09-09 22:10:00+00:00,2020-09-09 22:10:00+00:00,,1,9,,S,171.0,174.0,,
631561,R,2020,2020-09-10 22:10:00+00:00,2020-09-10 22:10:00+00:00,,1,9,,S,171.0,174.0,,
631562,R,2020,2020-09-21 22:10:00+00:00,2020-09-21 22:10:00+00:00,,1,9,,S,171.0,163.0,,
631563,R,2020,2020-07-24 23:10:00+00:00,2020-07-24 23:10:00+00:00,,1,9,9.0,F,171.0,174.0,2.0,0.0
631564,R,2020,2020-08-22 23:10:00+00:00,2020-08-22 23:10:00+00:00,,1,9,,S,171.0,173.0,,
631565,R,2020,2020-07-25 21:10:00+00:00,2020-07-25 21:10:00+00:00,,1,9,10.0,F,171.0,174.0,2.0,3.0
631566,R,2020,2020-07-26 17:10:00+00:00,2020-07-26 17:10:00+00:00,,1,9,9.0,F,171.0,174.0,9.0,2.0
631567,R,2020,2020-07-28 03:33:00+00:00,2020-07-28 03:33:00+00:00,,2,9,9.0,F,171.0,163.0,5.0,3.0
631568,R,2020,2020-08-12 22:10:00+00:00,2020-08-12 22:10:00+00:00,,1,9,,S,171.0,176.0,,
631569,R,2020,2020-07-29 22:10:00+00:00,2020-07-29 22:10:00+00:00,,1,9,9.0,F,171.0,163.0,0.0,4.0
631570,R,2020,2020-08-05 23:10:00+00:00,2020-08-05 23:10:00+00:00,,1,9,9.0,F,171.0,177.0,2.0,0.0
631571,R,2020,2020-08-06 22:10:00+00:00,2020-08-06 22:10:00+00:00,,1,9,9.0,F,171.0,177.0,13.0,0.0
631572,R,2020,2020-08-11 23:10:00+00:00,2020-08-11 23:10:00+00:00,,1,9,,S,171.0,176.0,,
631573,R,2020,2020-07-28 19:40:00+00:00,2020-07-28 19:40:00+00:00,,1,9,9.0,F,171.0,163.0,4.0,3.0
631574,R,2020,2020-09-15 22:40:00+00:00,2020-09-15 22:40:00+00:00,,1,9,,S,177.0,167.0,,
631575,R,2020,2020-09-16 22:40:00+00:00,2020-09-16 22:40:00+00:00,,1,9,,S,177.0,167.0,,
631576,R,2020,2020-09-18 23:10:00+00:00,2020-09-18 23:10:00+00:00,,1,9,,S,177.0,163.0,,
631577,R,2020,2020-09-19 22:10:00+00:00,2020-09-19 22:10:00+00:00,,1,9,,S,177.0,163.0,,
631578,R,2020,2020-09-20 17:10:00+00:00,2020-09-20 17:10:00+00:00,,1,9,,S,177.0,163.0,,
631579,R,2020,2020-09-21 22:40:00+00:00,2020-09-21 22:40:00+00:00,,1,9,,S,177.0,161.0,,
631580,R,2020,2020-09-22 22:40:00+00:00,2020-09-22 22:40:00+00:00,,1,9,,S,177.0,161.0,,
631581,R,2020,2020-08-29 20:10:00+00:00,2020-08-29 20:10:00+00:00,,1,7,,S,177.0,176.0,,
631582,R,2020,2020-08-28 23:10:00+00:00,2020-08-28 23:10:00+00:00,,1,9,,S,177.0,176.0,,
631583,R,2020,2020-09-23 22:40:00+00:00,2020-09-23 22:40:00+00:00,,1,9,,S,177.0,161.0,,
631584,R,2020,2020-08-30 17:10:00+00:00,2020-08-30 17:10:00+00:00,,1,9,,S,177.0,176.0,,
631585,R,2020,2020-08-31 22:40:00+00:00,2020-08-31 22:40:00+00:00,,1,9,,S,177.0,170.0,,
631586,R,2020,2020-09-01 22:40:00+00:00,2020-09-01 22:40:00+00:00,,1,9,,S,177.0,170.0,,
631587,R,2020,2020-09-02 22:40:00+00:00,2020-09-02 22:40:00+00:00,,1,9,,S,177.0,170.0,,
631588,R,2020,2020-09-14 22:40:00+00:00,2020-09-14 22:40:00+00:00,,1,9,,S,177.0,167.0,,
631589,R,2020,2020-07-24 22:10:00+00:00,2020-07-24 22:10:00+00:00,,1,9,9.0,F,177.0,173.0,7.0,1.0
631590,R,2020,2020-08-16 17:10:00+00:00,2020-08-16 17:10:00+00:00,,1,9,,S,177.0,167.0,,
631591,R,2020,2020-07-26 17:10:00+00:00,2020-07-26 17:10:00+00:00,,1,9,9.0,F,177.0,173.0,2.0,3.0
631592,R,2020,2020-07-27 22:40:00+00:00,2020-07-27 22:40:00+00:00,,1,9,9.0,F,177.0,176.0,7.0,8.0
631593,R,2020,2020-07-28 22:40:00+00:00,2020-07-28 22:40:00+00:00,,1,9,9.0,F,177.0,176.0,5.0,8.0
631594,R,2020,2020-07-29 22:40:00+00:00,2020-07-29 22:40:00+00:00,,1,9,9.0,F,177.0,176.0,12.0,7.0
631595,R,2020,2020-08-29 03:33:00+00:00,2020-08-29 03:33:00+00:00,,2,7,1.0,S,177.0,176.0,,
631596,R,2020,2020-08-03 22:40:00+00:00,2020-08-03 22:40:00+00:00,,1,9,9.0,F,177.0,171.0,3.0,2.0
631597,R,2020,2020-08-04 22:10:00+00:00,2020-08-04 22:10:00+00:00,,1,9,9.0,F,177.0,171.0,2.0,4.0
631598,R,2020,2020-08-11 22:40:00+00:00,2020-08-11 22:40:00+00:00,,1,9,,S,177.0,174.0,,
631599,R,2020,2020-08-12 22:40:00+00:00,2020-08-12 22:40:00+00:00,,1,9,,S,177.0,174.0,,
631600,R,2020,2020-08-13 21:10:00+00:00,2020-08-13 21:10:00+00:00,,1,9,,S,177.0,167.0,,
631601,R,2020,2020-08-14 23:10:00+00:00,2020-08-14 23:10:00+00:00,,1,9,,S,177.0,167.0,,
631602,R,2020,2020-08-15 22:10:00+00:00,2020-08-15 22:10:00+00:00,,1,9,,S,177.0,167.0,,
631603,R,2020,2020-07-25 21:10:00+00:00,2020-07-25 21:10:00+00:00,,1,9,9.0,F,177.0,173.0,4.0,6.0
631604,R,2020,2020-09-06 23:08:00+00:00,2020-09-06 23:08:00+00:00,,1,9,,S,176.0,170.0,,
631605,R,2020,2020-09-07 20:10:00+00:00,2020-09-07 20:10:00+00:00,,1,9,,S,176.0,170.0,,
631606,R,2020,2020-08-02 18:20:00+00:00,2020-08-02 18:20:00+00:00,,1,9,11.0,F,176.0,167.0,2.0,1.0
631607,R,2020,2020-09-06 00:15:00+00:00,2020-09-06 00:15:00+00:00,,1,9,,S,176.0,170.0,,
631608,R,2020,2020-08-05 00:15:00+00:00,2020-08-05 00:15:00+00:00,,1,9,9.0,F,176.0,174.0,5.0,4.0
631609,R,2020,2020-08-13 23:15:00+00:00,2020-08-13 23:15:00+00:00,,1,9,,S,176.0,161.0,,
631610,R,2020,2020-08-15 00:15:00+00:00,2020-08-15 00:15:00+00:00,,1,9,,S,176.0,161.0,,
631611,R,2020,2020-08-16 00:15:00+00:00,2020-08-16 00:15:00+00:00,,1,9,,S,176.0,161.0,,
631612,R,2020,2020-08-16 18:20:00+00:00,2020-08-16 18:20:00+00:00,,1,9,,S,176.0,161.0,,
631613,R,2020,2020-08-18 00:15:00+00:00,2020-08-18 00:15:00+00:00,,1,9,,S,176.0,170.0,,
631614,R,2020,2020-09-03 23:30:00+00:00,2020-09-03 23:30:00+00:00,,1,9,,S,182.0,185.0,,
631615,R,2020,2020-09-09 00:15:00+00:00,2020-09-09 00:15:00+00:00,,1,9,,S,176.0,177.0,,
631616,R,2020,2020-09-10 00:15:00+00:00,2020-09-10 00:15:00+00:00,,1,9,,S,176.0,177.0,,
631617,R,2020,2020-09-20 18:20:00+00:00,2020-09-20 18:20:00+00:00,,1,9,,S,176.0,165.0,,
631618,R,2020,2020-09-16 00:15:00+00:00,2020-09-16 00:15:00+00:00,,1,9,,S,176.0,171.0,,
631619,R,2020,2020-09-17 00:15:00+00:00,2020-09-17 00:15:00+00:00,,1,9,,S,176.0,171.0,,
631620,R,2020,2020-08-19 00:15:00+00:00,2020-08-19 00:15:00+00:00,,1,9,,S,176.0,170.0,,
631621,R,2020,2020-08-20 00:15:00+00:00,2020-08-20 00:15:00+00:00,,1,9,,S,176.0,170.0,,
631622,R,2020,2020-08-02 00:15:00+00:00,2020-08-02 00:15:00+00:00,,1,9,9.0,F,176.0,167.0,4.0,3.0
631623,R,2020,2020-08-07 23:30:00+00:00,2020-08-07 23:30:00+00:00,,1,9,8.0,I,182.0,185.0,,
631624,R,2020,2020-09-02 23:30:00+00:00,2020-09-02 23:30:00+00:00,,1,9,,S,182.0,164.0,,
631625,R,2020,2020-09-05 23:30:00+00:00,2020-09-05 23:30:00+00:00,,1,9,,S,182.0,185.0,,
631626,R,2020,2020-09-06 17:35:00+00:00,2020-09-06 17:35:00+00:00,,1,9,,S,182.0,185.0,,
631627,R,2020,2020-09-18 23:30:00+00:00,2020-09-18 23:30:00+00:00,,1,9,,S,182.0,187.0,,
631628,R,2020,2020-09-19 23:30:00+00:00,2020-09-19 23:30:00+00:00,,1,9,,S,182.0,187.0,,
631629,R,2020,2020-09-19 00:15:00+00:00,2020-09-19 00:15:00+00:00,,1,9,,S,176.0,165.0,,
631630,R,2020,2020-08-09 17:35:00+00:00,2020-08-09 17:35:00+00:00,,1,9,,S,182.0,185.0,,
631631,R,2020,2020-08-10 23:30:00+00:00,2020-08-10 23:30:00+00:00,,1,9,,S,182.0,181.0,,
631632,R,2020,2020-09-20 00:15:00+00:00,2020-09-20 00:15:00+00:00,,1,9,,S,176.0,165.0,,
631633,R,2020,2020-08-22 00:15:00+00:00,2020-08-22 00:15:00+00:00,,1,9,,S,176.0,163.0,,
631634,R,2020,2020-09-11 00:15:00+00:00,2020-09-11 00:15:00+00:00,,1,9,,S,176.0,177.0,,
631635,R,2020,2020-09-20 17:35:00+00:00,2020-09-20 17:35:00+00:00,,1,9,,S,182.0,187.0,,
631636,R,2020,2020-09-22 23:30:00+00:00,2020-09-22 23:30:00+00:00,,1,9,,S,182.0,189.0,,
631637,R,2020,2020-09-23 23:30:00+00:00,2020-09-23 23:30:00+00:00,,1,9,,S,182.0,189.0,,
631638,R,2020,2020-08-23 00:15:00+00:00,2020-08-23 00:15:00+00:00,,1,9,,S,176.0,163.0,,
631639,R,2020,2020-08-23 18:20:00+00:00,2020-08-23 18:20:00+00:00,,1,9,,S,176.0,163.0,,
631640,R,2020,2020-09-24 23:30:00+00:00,2020-09-24 23:30:00+00:00,,1,9,,S,182.0,189.0,,
631641,R,2020,2020-07-24 23:10:00+00:00,2020-07-24 23:10:00+00:00,,1,9,9.0,F,176.0,161.0,3.0,0.0
631642,R,2020,2020-07-25 17:05:00+00:00,2020-07-25 17:05:00+00:00,,1,9,9.0,F,176.0,161.0,3.0,8.0
631643,R,2020,2020-07-26 18:20:00+00:00,2020-07-26 18:20:00+00:00,,1,9,9.0,F,176.0,161.0,9.0,1.0
631644,R,2020,2020-09-05 00:15:00+00:00,2020-09-05 00:15:00+00:00,,1,9,,S,176.0,170.0,,
631645,R,2020,2020-08-04 00:15:00+00:00,2020-08-04 00:15:00+00:00,,1,9,9.0,F,176.0,174.0,2.0,0.0
631646,R,2020,2020-08-11 23:30:00+00:00,2020-08-11 23:30:00+00:00,,1,9,,S,182.0,181.0,,
631647,R,2020,2020-08-01 00:15:00+00:00,2020-08-01 00:15:00+00:00,,1,9,9.0,F,176.0,167.0,6.0,3.0
631648,R,2020,2020-08-12 23:30:00+00:00,2020-08-12 23:30:00+00:00,,1,9,,S,182.0,181.0,,
631649,R,2020,2020-09-04 23:30:00+00:00,2020-09-04 23:30:00+00:00,,1,9,,S,182.0,185.0,,
631650,R,2020,2020-08-13 20:30:00+00:00,2020-08-13 20:30:00+00:00,,1,9,,S,182.0,181.0,,
631651,R,2020,2020-08-18 23:30:00+00:00,2020-08-18 23:30:00+00:00,,1,9,,S,182.0,186.0,,
631652,R,2020,2020-08-19 17:35:00+00:00,2020-08-19 17:35:00+00:00,,1,9,,S,182.0,186.0,,
631653,R,2020,2020-08-28 23:30:00+00:00,2020-08-28 23:30:00+00:00,,1,9,,S,182.0,180.0,,
631654,R,2020,2020-08-29 23:30:00+00:00,2020-08-29 23:30:00+00:00,,1,9,,S,182.0,180.0,,
631655,R,2020,2020-08-30 17:35:00+00:00,2020-08-30 17:35:00+00:00,,1,9,,S,182.0,180.0,,
631656,R,2020,2020-08-31 23:30:00+00:00,2020-08-31 23:30:00+00:00,,1,9,,S,182.0,164.0,,
631657,R,2020,2020-09-01 23:30:00+00:00,2020-09-01 23:30:00+00:00,,1,9,,S,182.0,164.0,,
631658,R,2020,2020-08-08 23:30:00+00:00,2020-08-08 23:30:00+00:00,,1,9,,S,182.0,185.0,,
631659,R,2020,2020-09-16 23:35:00+00:00,2020-09-16 23:35:00+00:00,,1,9,,S,189.0,164.0,,
631660,R,2020,2020-09-17 23:35:00+00:00,2020-09-17 23:35:00+00:00,,1,9,,S,189.0,181.0,,
631661,R,2020,2020-09-18 23:35:00+00:00,2020-09-18 23:35:00+00:00,,1,9,,S,189.0,181.0,,
631662,R,2020,2020-09-19 23:35:00+00:00,2020-09-19 23:35:00+00:00,,1,9,,S,189.0,181.0,,
631663,R,2020,2020-07-28 23:30:00+00:00,2020-07-28 23:30:00+00:00,,1,9,9.0,F,182.0,175.0,3.0,8.0
631664,R,2020,2020-07-24 23:30:00+00:00,2020-07-24 23:30:00+00:00,,1,9,9.0,F,182.0,189.0,13.0,2.0
631665,R,2020,2020-08-21 23:35:00+00:00,2020-08-21 23:35:00+00:00,,1,9,,S,189.0,182.0,,
631666,R,2020,2020-07-25 17:35:00+00:00,2020-07-25 17:35:00+00:00,,1,9,9.0,F,182.0,189.0,2.0,7.0
631667,R,2020,2020-08-22 23:35:00+00:00,2020-08-22 23:35:00+00:00,,1,9,,S,189.0,182.0,,
631668,R,2020,2020-07-26 17:35:00+00:00,2020-07-26 17:35:00+00:00,,1,9,9.0,F,182.0,189.0,4.0,7.0
631669,R,2020,2020-07-27 23:35:00+00:00,2020-07-27 23:35:00+00:00,,1,9,9.0,F,182.0,175.0,4.0,7.0
631670,R,2020,2020-08-23 17:05:00+00:00,2020-08-23 17:05:00+00:00,,1,9,,S,189.0,182.0,,
631671,R,2020,2020-09-01 23:35:00+00:00,2020-09-01 23:35:00+00:00,,1,9,,S,189.0,175.0,,
631672,R,2020,2020-09-20 17:05:00+00:00,2020-09-20 17:05:00+00:00,,1,9,,S,189.0,181.0,,
631673,R,2020,2020-09-02 23:35:00+00:00,2020-09-02 23:35:00+00:00,,1,9,,S,189.0,175.0,,
631674,R,2020,2020-09-04 21:05:00+00:00,2020-09-04 21:05:00+00:00,,1,7,,S,189.0,187.0,,
631675,R,2020,2020-09-05 23:35:00+00:00,2020-09-05 23:35:00+00:00,,1,9,,S,189.0,187.0,,
631676,R,2020,2020-09-06 17:05:00+00:00,2020-09-06 17:05:00+00:00,,1,9,,S,189.0,187.0,,
631677,R,2020,2020-09-14 23:35:00+00:00,2020-09-14 23:35:00+00:00,,1,9,,S,189.0,164.0,,
631678,R,2020,2020-08-17 23:35:00+00:00,2020-08-17 23:35:00+00:00,,1,9,,S,189.0,185.0,,
631679,R,2020,2020-08-16 17:05:00+00:00,2020-08-16 17:05:00+00:00,,1,9,,S,189.0,180.0,,
631680,R,2020,2020-09-15 23:35:00+00:00,2020-09-15 23:35:00+00:00,,1,9,,S,189.0,164.0,,
631681,R,2020,2020-08-18 23:35:00+00:00,2020-08-18 23:35:00+00:00,,1,9,,S,189.0,185.0,,
631682,R,2020,2020-08-19 17:05:00+00:00,2020-08-19 17:05:00+00:00,,1,9,,S,189.0,185.0,,
631683,R,2020,2020-08-14 23:35:00+00:00,2020-08-14 23:35:00+00:00,,1,9,,S,189.0,180.0,,
631684,R,2020,2020-08-20 23:35:00+00:00,2020-08-20 23:35:00+00:00,,1,9,,S,189.0,182.0,,
631685,R,2020,2020-09-24 23:10:00+00:00,2020-09-24 23:10:00+00:00,,1,9,,S,164.0,162.0,,
